ID_Jugador;Nombre_Jugador
1;Boo
2;RieNs
3;Wo0t
4;benjyfishy
5;MiniBoo
6;westside
7;Cloud
8;leaf
9;trent
10;jawgemo
11;artzin
12;aspas
13;Verno
14;free1ng
15;BeYN
16;MaKo
17;crashies
18;Alfajer
19;kaajak
20;PatMen
21;f0rsakeN
22;d4v41
23;something
24;skuba
25;doma
26;Chronicle
27;Jinggg
28;s0m
29;mada
30;brawk
31;Ethan
32;Boaster
33;ara
34;Flickless
35;valyn
36;JonahP
37;HYUNMIN
38;Flashback
39;xenom
40;grubinho
41;N4RRATE
42;zekken
43;Viva
44;Rarga
45;happywei
46;NoMan
47;bang
48;johnqt
49;Levius
50;xffero
51;Kushy
52;crazyguy
53;cortezia
54;nephh
55;Knight
56;Monyet
57;Jemkin
58;keiko
59;paTiTek
60;nobody
61;Smoggy
62;CHICHOO
63;trexx
64;nAts
65;kamo
66;Demon1
67;Akeman
68;Meteor
69;BuZz
70;DH
71;iZu
72;stax
73;Jamppi
74;MAGNUM
75;LewN
76;PROFEK
77;sociablEE
78;Shao
79;ANGE1
80;Ruxic
81;SUYGETSU
82;marteen
83;pyrolll
84;Avez
85;Kicks
86;Sayf
87;hiro
88;Proxh
89;Minny
90;Veqaj
91;Elite
92;saadhak
93;KovaQ
94;flyuh
95;nataNk
96;MONSTEERR
97;yetujey
98;qRaxs
99;MrFaliN
100;cNed
101;MOLSI
102;AvovA
103;penny
104;Less
105;UNFAKE
106;baddyG
107;kamyk
108;ComeBack
109;Derke
110;OLIZERA
111;Filu
112;alexiiik
113;BABYBAY
114;tex
115;C0M
116;Okeanos
117;Kess
118;zander
119;Xeppaa
120;v1c
121;neT
122;Zellsis
123;mitch
124;Cryocells
125;eeiu
126;Asuna
127;supamen
128;kiNgg
129;Shyy
130;Mazino
131;Dantedeu5
132;OXY
133;gobera
134;silentzz
135;spike
136;lz
137;Sato
138;tuyz
139;adverso
140;pANcada
141;RobbieBk
142;Derrek
143;icy
144;keznit
145;cauanzin
146;NaturE
147;yay
148;pryze
149;heat
150;lukxo
151;Urango
152;Melser
153;Virtyy
154;Persia
155;Rb
156;JitBoyS
157;primmie
158;thyy
159;Crws
160;Killua
161;Ash
162;t3xture
163;Karon
164;Jinboong
165;Meiy
166;Akame
167;gyen
168;SSeeS
169;Dambi
170;Papi
171;ban
172;Kr1stal
173;yoman
174;UdoTan
175;Francis
176;kellyS
177;n1zzy
178;Wild0reoo
179;ZesBeeW
180;SugarZ3ro
181;CLZ
182;Xdll
183;TenTen
184;Dep
185;dos9
186;BerserX
187;Estrella
188;Foxy9
189;Munchkin
190;NcSlasher
191;Famouz
192;Ivy
193;invy
194;Shiro
195;coconut
196;SiuFatBB
197;Spring
198;Juicy
199;Yuicaw
200;Lysoar
201;rushia
202;whzy
203;Serial
204;koalanoob
205;AtaKaptan
206;xeus
207;sheydos
208;runneR
209;CyvOph
210;Governor
211;Kada
212;Zyppan
213;tomaszy
214;florescent
215;soulcas
216;purp0
217;Click
218;batujnax
219;Sylvan
220;Jremy
221;margaret
222;yokam
223;mindfreak
224;JessieVash
225;2GE
226;SyouTa
227;Boostio
228;FiNESSE
229;raafa
230;Khalil
231;Rossy
232;Askia
233;Zap
234;PxS
235;v1nny
236;dgzin
237;S1Mon
238;ZmjjKK
239;Biank
240;carpe
241;FengF
242;Kai
243;oderus
244;vakk
245;Deryeon
246;Art
247;stellar
248;nzr
