ID_Rendimiento;ID_Agente
1;1
2;1
108;1
2;2
3;3
4;3
9;3
10;3
112;3
114;3
4;4
10;4
113;4
114;4
5;5
11;5
110;5
111;5
6;6
7;7
8;8
109;8
111;8
91;8
92;8
107;21
108;21
111;20
92;20
133;21
134;21
134;1
141;3
142;3
142;4
135;9
136;18
137;7
138;9
138;18
138;7
139;5
140;8
140;20
140;5
157;8
158;8
158;6
175;8
176;3
177;3
177;4
201;22
202;22
202;4
12;9
12;5
13;4
14;10
15;4
15;10
102;10
16;7
17;11
18;11
18;5
230;5
231;11
231;5
231;7
246;11
19;12
20;13
20;12
244;12
245;18
245;12
21;4
41;4
221;4
228;4
229;3
229;4
22;6
23;8
23;6
125;8
126;8
126;5
126;6
152;8
153;6
154;8
154;5
154;6
24;3
25;4
26;3
26;4
127;4
128;3
128;4
27;1
103;21
104;1
105;21
105;1
123;21
124;21
124;1
28;4
29;3
29;4
42;3
43;4
44;3
44;4
77;3
78;3
78;4
150;3
151;3
151;4
211;4
30;14
31;14
31;15
75;13
76;8
76;14
76;13
76;15
76;6
32;16
33;16
33;7
47;7
48;16
48;7
79;7
80;16
80;12
80;7
34;4
35;3
35;4
117;4
118;3
118;4
36;1
115;1
116;21
116;1
143;1
163;1
164;21
164;1
181;1
37;6
52;5
53;6
54;5
54;6
121;6
122;5
122;6
165;15
166;15
166;5
182;15
183;6
184;15
184;6
38;7
55;7
167;4
168;7
169;4
169;7
185;7
186;4
186;7
39;5
40;14
40;5
58;14
59;5
60;14
60;5
60;6
70;6
84;8
85;5
86;8
86;5
86;6
45;14
46;14
46;10
49;5
73;6
74;19
74;8
74;5
74;6
148;5
149;19
149;5
224;5
225;19
225;5
50;16
51;1
51;16
119;16
120;16
120;15
144;16
145;16
145;15
56;1
57;17
57;1
57;5
64;1
65;17
65;1
87;1
88;17
88;1
61;7
62;13
62;12
62;7
66;18
67;18
67;7
63;4
89;6
90;4
90;6
68;11
69;11
69;1
81;19
82;11
83;19
83;3
83;11
83;1
71;1
72;2
72;1
146;2
147;2
147;1
209;2
210;2
210;1
222;2
223;2
223;1
93;18
94;18
94;16
178;13
179;18
179;13
179;16
203;16
204;18
204;16
95;5
96;11
96;5
155;19
156;19
156;5
205;5
206;11
206;5
97;2
98;1
99;2
99;21
99;1
100;3
101;3
101;4
106;12
129;7
130;13
130;7
131;1
132;21
132;1
242;2
243;2
243;1
159;1
180;1
199;2
200;2
200;1
160;3
161;3
161;4
193;3
194;3
194;1
194;4
162;13
195;13
196;18
196;13
196;16
170;21
171;4
172;21
172;4
173;16
174;16
174;7
187;8
188;8
188;1
188;5
207;5
208;8
208;5
189;20
190;20
190;18
190;14
191;2
192;2
192;1
197;5
198;4
198;5
212;8
213;8
213;5
214;8
215;4
216;11
216;4
238;3
239;3
239;11
217;4
218;4
218;10
236;19
237;19
237;1
237;4
219;14
220;14
220;5
226;5
227;8
227;14
227;5
232;1
233;19
233;1
234;3
235;3
235;4
240;16
241;1
241;16
249;13
247;18
248;18
248;12
250;13
250;1
251;21
252;1
253;21
253;1
254;4
255;3
255;4
256;21
257;1
258;21
258;1
259;23
260;11
260;23
261;3
262;3
262;4
263;1
264;1
265;17
265;1
266;11
267;11
267;1
268;7
269;12
269;7
270;5
271;6
272;5
272;6
273;8
274;5
275;8
275;5
275;6
276;3
277;4
278;3
278;4
279;13
280;13
280;7
281;1
282;2
283;5
284;2
284;8
284;5
285;1
286;21
286;1
287;3
288;4
289;3
289;4
290;3
291;21
291;3
291;4
292;8
293;5
294;8
294;5
295;7
296;18
296;7
297;6
298;8
298;6
299;3
300;4
301;3
301;4
302;12
303;7
304;1
305;2
305;1
306;20
307;6
308;20
308;6
309;3
310;6
311;8
311;6
312;13
313;13
313;12
314;6
315;8
315;6
316;13
317;1
318;7
319;5
320;8
320;5
321;7
322;16
322;7
323;16
324;9
324;16
325;3
326;3
326;4
327;1
328;7
329;16
329;7
330;4
331;3
331;4
332;7
333;1
334;2
334;1
335;5
336;20
336;5
337;3
338;4
339;3
339;4
340;10
341;7
342;8
343;8
343;6
344;12
345;3
346;10
347;5
348;3
349;7
350;12
350;7
351;6
352;2
353;1
354;2
354;1
355;19
356;5
357;19
357;11
357;5
358;8
359;8
359;20
359;6
360;3
361;22
362;3
362;22
362;4
363;18
364;13
365;16
366;18
366;13
366;16
366;7
367;2
368;1
369;2
369;21
369;1
370;14
371;5
372;8
372;14
372;5
372;6
373;4
374;3
374;4
375;12
376;18
376;13
376;16
376;12
377;11
378;5
379;11
379;5
379;7
380;21
381;4
382;21
382;3
382;4
383;8
384;5
385;8
385;1
385;5
386;20
387;20
387;18
387;11
387;14
387;13
387;23
388;16
389;18
389;13
389;16
389;15
389;12
389;7
390;2
391;1
392;2
392;1
393;5
394;6
395;19
395;8
395;5
395;6
396;14
397;13
398;8
398;14
398;13
398;15
398;10
398;6
399;3
400;4
401;3
401;4
402;14
403;14
403;10
404;16
405;7
406;13
406;16
406;12
406;7
407;2
408;2
408;1
409;5
410;8
410;4
410;5
411;3
412;3
412;1
412;4
413;13
414;18
414;13
414;16
415;21
416;1
417;2
417;21
417;1
418;9
419;18
420;16
421;5
422;7
423;9
423;18
423;16
423;5
423;7
424;8
425;20
426;5
427;6
428;8
428;20
428;5
428;6
429;3
430;4
431;3
431;4
432;7
433;16
433;12
433;7
434;2
435;1
436;2
436;21
436;1
437;5
438;9
438;8
438;20
438;5
439;4
440;10
441;3
441;4
441;10
442;3
443;4
444;3
444;15
444;4
444;6
445;7
446;16
446;7
447;2
448;5
449;2
449;8
449;15
449;5
450;1
451;21
451;1
452;3
453;4
454;3
454;4
455;19
456;11
457;19
457;3
457;11
457;1
458;8
459;14
460;5
461;6
462;8
462;14
462;5
462;6
463;1
464;17
464;1
464;5
465;18
466;7
467;18
467;13
467;16
467;12
467;7
468;4
469;6
470;4
470;6
471;8
472;6
473;8
473;6
474;13
475;12
476;13
476;12
477;19
478;4
479;19
479;1
479;4
479;10
480;8
481;8
481;5
482;3
483;4
484;3
484;11
484;4
485;18
486;18
486;12
486;7
487;13
488;16
489;13
489;1
489;16
490;1
491;19
491;20
491;1
492;8
493;8
493;5
493;6
494;3
495;3
495;4
496;21
497;1
498;21
498;1
499;8
500;5
501;6
502;8
502;5
502;6
503;3
504;4
505;3
505;4
506;13
507;7
508;13
508;7
509;12
510;16
510;12
511;1
512;21
512;1
512;12
513;4
514;3
514;4
514;5
515;16
516;1
516;16
516;15
517;15
518;5
519;6
520;15
520;5
520;6
521;4
522;7
523;4
523;7
524;21
525;1
526;21
526;1
526;16
527;3
528;21
528;3
528;22
528;4
528;6
529;8
530;5
531;8
531;5
531;12
532;23
533;3
533;11
533;1
533;23
534;7
535;18
535;13
535;16
535;7
536;6
537;8
537;6
538;3
539;4
540;3
540;4
541;13
542;1
543;7
544;12
544;7
545;2
546;1
547;2
547;1
548;19
549;19
549;11
550;18
551;18
551;13
551;16
552;4
553;3
553;4
554;7
555;13
555;7
556;5
557;6
558;5
558;6
559;19
560;22
561;19
561;22
561;11
562;8
563;3
564;8
564;3
565;18
566;18
566;7
567;1
568;1
568;5
569;4
570;1
570;4
570;10
571;3
572;3
572;1
572;4
573;11
574;11
574;4
575;1
576;1
576;5
577;11
578;19
578;11
579;8
580;3
581;3
581;4
582;18
583;18
583;13
584;18
585;1
586;5
587;1
587;5
588;4
589;11
590;1
591;20
591;11
591;1
592;3
593;4
594;3
594;4
595;1
596;1
596;16
597;18
598;1
599;10
600;1
600;10
601;5
602;1
602;5
603;1
604;21
604;1
605;20
606;10
607;20
607;10
607;7
608;11
609;3
609;11
609;4
610;5
611;3
611;5
612;24
613;24
613;18
613;13
614;8
615;5
616;8
616;5
617;22
618;4
619;3
619;22
619;4
620;7
621;18
621;16
621;7
622;23
623;11
623;1
623;23
624;2
625;1
626;2
626;1
627;19
628;19
628;5
629;8
630;8
630;20
631;4
632;3
632;22
632;4
633;16
634;13
634;16
635;16
636;21
636;16
637;6
638;8
638;5
638;6
639;3
640;3
640;22
641;23
642;1
642;23
643;7
644;16
644;7
645;1
646;2
646;1
647;7
648;21
648;7
649;4
650;3
650;4
650;6
651;22
652;4
653;22
653;25
653;4
654;2
655;2
655;1
656;3
657;4
658;3
658;4
659;10
660;14
660;10
660;6
661;7
662;13
662;7
663;5
664;1
665;21
665;1
666;6
667;24
667;6
668;11
669;11
669;4
670;5
671;14
671;5
672;5
673;19
673;5
674;8
675;1
676;8
677;8
677;5
678;4
679;3
679;4
680;14
681;14
681;13
682;1
683;8
684;8
684;14
685;24
686;18
687;24
687;18
688;4
689;14
690;1
691;15
692;1
692;15
693;4
694;5
695;14
696;8
696;14
697;13
698;18
698;13
699;3
700;3
700;1
700;15
701;1
702;1
702;5
703;2
704;1
705;2
705;1
706;19
707;19
707;11
707;5
708;8
709;8
709;20
710;16
711;18
711;13
711;16
712;21
713;21
713;1
714;4
715;3
715;11
715;4
716;2
717;1
718;2
718;1
719;5
720;19
720;5
721;8
722;20
723;8
723;20
724;4
725;22
725;4
726;1
727;2
727;1
728;8
729;5
730;8
730;5
731;4
732;3
732;4
733;1
734;5
735;2
735;1
735;5
736;14
737;8
737;14
737;6
738;20
739;3
740;20
740;3
740;11
741;22
742;4
743;22
743;16
743;4
744;1
745;2
745;1
745;5
746;3
747;3
747;4
748;18
749;16
750;18
750;16
751;15
752;15
752;5
753;21
754;19
754;21
755;1
756;1
756;23
757;4
758;19
758;4
759;8
760;14
761;8
761;14
761;5
762;20
763;20
763;1
763;4
764;1
765;1
765;5
766;21
767;14
768;16
769;21
769;14
769;16
770;3
771;11
772;3
772;22
772;11
773;22
774;23
775;22
775;1
775;23
776;16
777;18
777;16
777;7
778;6
779;5
779;6
780;3
781;3
781;4
782;6
783;22
783;14
783;6
784;5
785;14
786;6
787;8
787;14
787;6
788;11
789;24
789;11
790;13
791;13
791;1
791;7
792;1
793;1
793;5
794;8
795;5
796;8
796;5
797;3
798;11
799;3
799;11
800;1
801;3
801;1
802;7
803;1
803;7
804;14
805;8
805;14
806;1
807;1
807;5
808;4
809;11
809;4
810;1
811;1
811;5
812;2
813;1
814;2
814;1
815;4
816;3
816;4
817;14
818;5
819;6
820;14
820;5
820;6
821;9
822;1
823;9
823;1
824;16
825;18
825;25
825;16
826;21
827;1
828;21
828;1
829;3
830;3
830;18
830;12
831;3
832;4
833;3
833;22
833;4
834;7
835;16
835;7
836;1
837;7
838;13
839;18
839;13
839;16
840;11
841;11
841;4
842;8
843;5
844;8
844;5
845;4
846;3
846;4
847;1
848;3
849;3
849;11
849;4
850;1
851;5
852;1
852;5
853;1
854;7
855;1
855;7
856;16
857;4
858;25
858;16
858;4
859;22
860;22
860;1
861;16
862;1
862;16
863;8
864;14
865;8
865;14
866;3
867;3
867;22
868;18
869;13
870;16
871;18
871;13
871;16
872;11
873;11
873;5
874;1
875;5
876;1
876;5
877;3
878;4
879;3
879;4
880;4
881;24
881;4
882;4
883;11
883;4
884;1
885;5
886;2
886;1
886;5
887;9
888;9
888;14
888;10
889;3
890;4
891;3
891;4
892;18
893;16
894;18
894;16
894;7
895;1
896;2
896;1
897;5
898;19
898;5
899;8
900;8
900;20
901;19
902;19
902;11
903;8
904;5
905;8
905;5
906;4
907;3
907;4
908;1
909;1
910;5
911;5
911;6
912;19
913;5
914;19
914;5
915;13
916;3
917;3
917;4
918;1
919;8
920;7
921;18
921;7
922;1
923;4
924;8
925;8
925;14
925;5
926;3
927;3
927;15
927;4
928;1
929;1
929;5
930;8
931;4
932;7
933;5
934;8
934;5
934;6
935;11
936;1
937;22
937;11
937;1
938;1
939;16
940;1
940;16
941;8
942;1
943;4
944;3
944;4
945;1
946;10
947;9
947;10
948;8
949;4
950;3
950;4
951;19
952;19
952;4
953;7
954;9
954;13
954;7
955;8
956;6
957;8
957;5
957;6
958;7
959;24
959;4
959;7
960;1
961;3
962;8
963;8
963;5
964;22
965;4
966;22
966;4
967;11
968;23
969;11
969;23
970;21
971;21
971;1
972;24
973;3
973;24
974;4
975;22
975;4
976;7
977;16
977;7
978;4
979;3
979;22
979;4
980;18
981;18
981;16
982;23
983;14
983;23
983;6
984;5
985;9
986;9
986;1
987;20
988;14
989;20
989;3
989;14
990;1
991;1
991;5
992;8
993;4
994;3
994;4
995;25
996;25
996;7
997;7
998;12
998;7
999;16
1000;18
1000;13
1000;16
1001;1
1002;14
1003;20
1003;14
1004;2
1005;1
1006;2
1006;1
1007;6
1008;3
1008;4
1008;6
1009;22
1010;22
1010;25
1010;16
1011;2
1012;1
1013;2
1013;1
1014;10
1015;14
1015;10
1016;11
1017;19
1017;11
1017;5
1018;5
1019;20
1019;14
1019;5
1020;3
1021;4
1022;3
1022;4
1023;18
1024;18
1024;13
1025;8
1026;1
1027;21
1027;1
1028;16
1029;16
1029;7
1030;5
1031;5
1031;6
1032;1
1033;23
1034;1
1034;23
1035;8
1036;5
1037;9
1037;8
1037;5
1038;11
1039;3
1039;11
1039;6
1040;4
1041;3
1041;4
1042;18
1043;18
1043;16
1043;7
1044;1
1045;7
1046;13
1046;7
1047;4
1048;4
1049;3
1049;4
1050;14
1051;5
1052;14
1052;5
1052;6
1053;1
1054;5
1055;1
1055;5
1056;16
1057;16
1057;15
1057;7
1058;8
1059;18
1060;24
1060;18
1061;1
1062;8
1063;14
1064;8
1064;14
1064;1
1065;3
1066;4
1067;3
1067;15
1067;4
1068;22
1069;4
1070;22
1070;11
1070;4
1071;18
1072;16
1073;18
1073;16
1074;1
1075;5
1076;1
1076;5
1077;6
1078;8
1078;6
1079;3
1080;4
1081;3
1081;4
1082;11
1083;1
1084;2
1085;1
1086;5
1087;2
1087;1
1087;5
1088;1
1089;7
1090;21
1090;1
1090;12
1090;7
1091;8
1092;14
1093;8
1093;14
1093;6
1094;20
1095;3
1096;4
1097;8
1097;20
1097;3
1097;11
1097;4
1098;4
1099;6
1100;3
1100;4
1100;6
1101;22
1102;25
1103;16
1104;4
1105;22
1105;25
1105;16
1105;4
1105;7
1106;2
1107;1
1108;5
1109;2
1109;1
1109;5
1110;19
1111;11
1112;5
1113;19
1113;11
1113;5
1114;8
1115;20
1116;14
1117;8
1117;20
1117;14
1117;5
1118;3
1119;4
1120;3
1120;22
1120;4
1121;18
1122;13
1123;16
1124;18
1124;13
1124;16
1125;2
1126;1
1127;2
1127;1
1128;19
1129;11
1130;5
1131;19
1131;22
1131;11
1131;5
1132;8
1133;14
1134;5
1135;6
1136;8
1136;20
1136;14
1136;5
1136;6
1137;3
1138;4
1139;3
1139;4
1140;18
1141;13
1142;18
1142;13
1142;12
1143;2
1144;1
1145;5
1146;2
1146;1
1146;5
1147;9
1148;14
1149;10
1150;9
1150;24
1150;14
1150;13
1150;10
1150;6
1151;8
1152;15
1153;5
1154;6
1155;8
1155;15
1155;5
1155;6
1156;3
1157;4
1158;3
1158;4
1159;18
1160;16
1161;7
1162;18
1162;13
1162;16
1162;7
1163;21
1164;1
1165;5
1166;2
1166;21
1166;1
1166;5
1167;19
1168;3
1169;22
1170;11
1171;4
1172;19
1172;3
1172;22
1172;11
1172;4
1173;9
1174;20
1175;1
1176;4
1177;10
1178;9
1178;20
1178;1
1178;4
1178;10
1178;7
1179;8
1180;20
1181;3
1182;14
1183;5
1184;8
1184;20
1184;3
1184;14
1184;5
1184;6
1185;24
1186;18
1187;16
1188;7
1189;24
1189;18
1189;13
1189;25
1189;16
1189;7
1190;19
1191;3
1192;11
1193;19
1193;3
1193;11
1194;8
1195;5
1196;6
1197;8
1197;5
1197;6
1198;3
1199;1
1200;4
1201;3
1201;1
1201;4
1202;1
1203;7
1204;1
1204;7
1205;21
1206;11
1207;23
1208;19
1208;21
1208;3
1208;24
1208;11
1208;14
1208;23
1208;6
1209;1
1210;21
1210;17
1210;1
1210;23
1211;8
1212;5
1213;9
1213;8
1213;5
1214;4
1215;3
1215;22
1215;4
1216;6
1217;24
1217;6
1218;18
1219;7
1220;18
1220;13
1220;16
1220;7
1221;19
1222;3
1223;4
1224;19
1224;3
1224;11
1224;4
1225;1
1226;5
1227;21
1227;1
1227;5
1228;7
1229;9
1229;22
1229;18
1229;13
1229;16
1229;15
1229;12
1229;7
1230;8
1231;14
1232;5
1233;6
1234;8
1234;14
1234;5
1234;6
1235;16
1236;4
1237;6
1238;7
1239;22
1239;24
1239;14
1239;16
1239;15
1239;4
1239;6
1239;7
1240;22
1241;11
1242;4
1243;19
1243;22
1243;11
1243;4
1244;8
1245;14
1246;5
1247;8
1247;14
1247;1
1247;5
1248;3
1249;1
1250;15
1251;4
1252;3
1252;1
1252;15
1252;4
1253;18
1254;16
1255;18
1255;13
1255;16
1256;1
1257;5
1258;1
1258;5
1259;21
1260;14
1261;1
1262;16
1263;21
1263;14
1263;1
1263;16
1264;8
1265;5
1266;6
1267;8
1267;5
1267;6
1268;22
1269;11
1270;1
1271;23
1272;20
1272;22
1272;11
1272;1
1272;23
1273;3
1274;22
1275;11
1276;4
1277;3
1277;22
1277;11
1277;4
1278;16
1279;7
1280;18
1280;16
1280;7
1281;21
1282;1
1283;5
1284;21
1284;1
1284;5
1285;8
1286;14
1287;6
1288;8
1288;14
1288;5
1288;6
1289;3
1290;24
1291;18
1292;11
1293;3
1293;24
1293;18
1293;11
1293;12
1294;3
1295;4
1296;3
1296;22
1296;4
1297;13
1298;7
1299;13
1299;1
1299;16
1299;7
1300;1
1301;21
1301;1
1301;5
1302;8
1303;5
1304;8
1304;14
1304;5
1304;6
1305;11
1306;4
1307;3
1307;22
1307;11
1307;16
1307;4
1308;13
1309;16
1310;18
1310;13
1310;16
1310;7
1311;9
1312;9
1312;6
1313;7
1314;13
1314;7
1315;9
1316;9
1316;8
1316;6
1317;3
1318;3
1318;4
1319;13
1320;1
1321;13
1321;1
1322;8
1323;1
1324;6
1325;14
1325;6
1326;1
1327;5
1328;21
1329;21
1329;1
1330;5
1331;8
1331;5
1332;9
1333;9
1333;20
1333;5
1334;3
1335;15
1336;3
1336;15
1337;3
1338;3
1338;4
1339;6
1340;14
1340;6
1341;5
1342;1
1342;5
1343;5
1344;15
1344;5
1345;3
1346;23
1347;4
1348;3
1348;23
1348;4
1349;14
1350;6
1351;14
1351;6
1352;5
1353;3
1354;3
1354;7
1355;1
1356;5
1357;1
1357;5
1358;21
1359;21
1359;1
1360;9
1361;9
1361;20
1362;15
1363;3
1363;15
1364;3
1365;3
1365;10
1366;5
1367;9
1367;20
1367;5
1368;4
1369;4
1369;10
1370;7
1371;4
1372;3
1372;4
1372;6
1373;5
1374;5
1374;6
1375;9
1376;9
1376;7
1377;3
1378;3
1378;4
1379;1
1380;1
1380;5
1381;16
1382;16
1382;7
1383;5
1384;3
1385;3
1385;4
1386;1
1387;5
1388;1
1388;5
1389;8
1390;8
1390;5
1391;4
1392;3
1392;4
1393;7
1394;13
1394;7
1395;4
1396;5
1397;5
1397;6
1398;8
1399;8
1399;14
1400;5
1401;1
1401;5
1402;17
1403;11
1404;17
1404;11
1405;1
1406;14
1406;1
1407;16
1408;18
1408;16
1409;14
1410;4
1411;23
1411;4
1412;5
1413;3
1414;3
1414;11
1414;1
1415;5
1416;14
1416;5
1417;1
1418;5
1419;1
1419;5
1420;4
1421;4
1421;6
1422;16
1423;13
1423;16
1424;1
1425;5
1426;6
1427;8
1428;5
1429;8
1429;5
1430;4
1431;6
1432;4
1432;6
1433;5
1434;8
1434;15
1434;5
1435;18
1436;18
1436;13
1436;16
1437;1
1438;2
1438;1
1439;8
1440;8
1440;14
1440;6
1441;4
1442;3
1442;4
1443;24
1444;24
1444;11
1444;7
1445;19
1446;19
1446;8
1447;8
1448;8
1448;18
1449;13
1450;11
1450;13
1451;1
1452;23
1453;5
1454;21
1455;21
1455;8
1456;4
1457;3
1457;4
1458;5
1459;1
1459;5
1460;3
1461;3
1461;4
1462;18
1463;18
1463;7
1464;5
1465;1
1465;5
1466;21
1467;21
1467;20
1468;5
1469;21
1470;1
1471;21
1471;1
1472;4
1473;20
1473;4
1474;21
1475;5
1476;21
1476;1
1476;5
1477;4
1478;14
1478;23
1478;4
1479;4
1480;9
1480;4
1481;16
1482;8
1482;16
1483;1
1484;1
1484;5
1485;3
1486;5
1487;6
1488;3
1488;5
1488;6
1489;4
1490;10
1491;4
1491;10
1492;6
1493;20
1493;6
1494;3
1495;3
1495;4
1496;13
1497;13
1497;16
1497;7
1498;1
1499;8
1500;8
1500;6
1501;24
1502;7
1503;24
1503;1
1503;7
1504;19
1505;14
1506;19
1506;14
1507;8
1508;8
1508;15
1509;6
1510;19
1510;6
1511;19
1512;19
1512;3
1513;18
1514;26
1514;18
1515;16
1516;8
1516;16
1517;16
1518;7
1519;16
1519;7
1520;1
1521;5
1522;6
1523;5
1523;6
1524;6
1525;8
1525;6
1526;16
1527;7
1528;11
1529;11
1529;7
1530;1
1531;4
1532;23
1533;3
1533;23
1534;6
1535;14
1535;6
1536;1
1537;5
1538;3
1539;4
1540;3
1540;4
1541;1
1542;11
1542;1
1543;13
1544;13
1544;16
1545;1
1546;5
1547;1
1547;5
1548;4
1549;4
1550;5
1551;14
1552;5
1553;19
1553;14
1553;5
1554;8
1555;8
1555;18
1555;6
1556;3
1557;3
1557;4
1558;1
1559;11
1560;4
1561;19
1561;11
1561;4
1562;13
1563;8
1563;13
1564;4
1565;1
1565;4
1566;1
1567;1
1567;5
1568;1
1569;21
1569;1
1570;5
1571;8
1571;5
1572;23
1573;23
1573;4
1574;15
1575;19
1575;20
1575;15
1576;3
1577;4
1578;3
1578;4
1579;1
1580;5
1581;21
1581;5
1582;17
1583;17
1583;7
1584;18
1585;16
1586;18
1586;16
1587;5
1588;14
1588;5
1589;23
1590;23
1590;4
1591;14
1592;21
1592;14
1593;3
1594;3
1594;4
1595;18
1596;18
1596;7
1597;1
1598;21
1598;1
1599;5
1600;8
1600;5
1601;3
1602;4
1603;3
1603;4
1604;7
1605;18
1605;7
1606;9
1607;9
1607;6
1608;3
1609;4
1610;3
1610;4
1611;1
1612;5
1613;5
1613;6
1614;8
1615;14
1616;8
1616;14
1617;4
1618;3
1618;4
1619;13
1620;13
1620;1
1620;15
1621;4
1622;3
1622;4
1623;6
1624;14
1624;6
1625;5
1626;5
1627;14
1627;1
1627;5
1628;5
1629;14
1629;5
1630;3
1631;3
1631;23
1632;21
1633;1
1634;21
1634;1
1635;5
1636;8
1636;5
1637;23
1638;4
1639;3
1639;23
1639;4
1640;16
1641;13
1641;16
1642;5
1643;19
1643;5
1644;21
1645;21
1645;1
1646;13
1647;13
1647;16
1648;21
1649;1
1650;21
1650;1
1651;16
1652;5
1653;9
1654;9
1654;8
1654;22
1655;4
1656;3
1656;4
1657;1
1658;1
1658;5
1658;6
1659;21
1660;21
1660;1
1661;5
1662;8
1662;5
1663;3
1664;3
1664;4
1665;7
1666;24
1666;16
1666;7
1667;6
1668;21
1668;8
1668;6
1669;16
1670;13
1670;16
1671;7
1672;1
1673;21
1673;1
1674;6
1675;5
1675;6
1676;9
1677;9
1677;26
1678;1
1679;10
1680;1
1680;10
1681;5
1682;9
1683;9
1683;5
1684;3
1685;3
1685;4
1686;1
1687;15
1688;6
1689;15
1689;6
1690;13
1691;13
1691;16
1692;1
1693;6
1694;8
1695;8
1695;1
1696;13
1697;18
1697;13
1698;4
1699;14
1699;4
1700;8
1701;19
1701;8
1702;5
1703;8
1703;24
1703;5
1704;1
1705;1
1706;19
1706;3
1706;1
1707;1
1708;8
1708;1
1708;5
1709;16
1710;13
1710;16
1711;4
1712;4
1712;6
1713;6
1714;19
1714;14
1714;6
1715;8
1716;5
1717;8
1717;5
1718;13
1719;13
1719;16
1720;9
1721;5
1722;9
1722;5
1723;6
1724;3
1724;6
1725;10
1726;4
1726;10
1727;7
1728;5
1729;1
1729;5
1730;9
1731;9
1731;5
1732;3
1733;6
1734;3
1734;6
1735;8
1736;8
1736;6
1737;3
1738;3
1738;4
1739;5
1740;1
1740;5
1741;8
1742;5
1743;8
1743;5
1744;4
1745;3
1745;4
1746;1
1747;16
1748;16
1748;7
1749;8
1750;14
1751;8
1751;14
1752;5
1753;1
1753;5
1754;4
1755;8
1756;8
1756;6
1757;1
1758;7
1759;3
1760;3
1760;4
1761;13
1762;13
1762;7
1763;1
1764;5
1765;2
1765;21
1765;1
1765;5
1766;8
1767;14
1768;5
1769;6
1770;8
1770;14
1770;5
1770;6
1771;23
1772;4
1773;3
1773;23
1773;4
1774;17
1775;24
1776;7
1777;17
1777;24
1777;11
1777;5
1777;7
1778;18
1779;16
1780;18
1780;13
1780;16
1780;7
1781;19
1782;14
1783;6
1784;19
1784;21
1784;20
1784;14
1784;6
1785;8
1786;5
1787;8
1787;3
1787;15
1787;5
1788;3
1789;4
1790;3
1790;4
1790;7
1791;18
1792;13
1793;18
1793;13
1793;16
1793;7
1794;1
1795;5
1796;1
1796;5
1797;3
1798;17
1799;11
1800;1
1801;19
1801;3
1801;17
1801;11
1801;1
1802;21
1803;1
1804;5
1805;21
1805;8
1805;20
1805;14
1805;1
1805;5
1806;8
1807;5
1808;8
1808;14
1808;1
1808;5
1808;6
1809;4
1810;6
1811;3
1811;4
1811;6
1812;16
1813;18
1813;13
1813;16
1813;12
1814;19
1815;11
1816;4
1817;19
1817;3
1817;11
1817;4
1818;9
1819;18
1820;21
1820;9
1820;26
1820;18
1821;1
1822;4
1823;10
1824;9
1824;22
1824;1
1824;4
1824;10
1825;13
1826;16
1827;8
1827;13
1827;16
1828;1
1829;5
1830;1
1830;5
1831;19
1832;8
1833;14
1834;5
1835;19
1835;8
1835;14
1835;5
1836;1
1837;21
1837;1
1838;8
1839;5
1840;8
1840;24
1840;18
1840;16
1840;5
1840;6
1841;3
1842;4
1843;3
1843;4
1844;11
1845;13
1846;11
1846;13
1846;7
1847;6
1848;19
1848;22
1848;11
1848;4
1848;6
1849;21
1850;1
1851;5
1852;21
1852;1
1852;5
1853;8
1854;5
1855;8
1855;1
1855;5
1856;23
1857;4
1858;3
1858;14
1858;23
1858;4
1859;13
1860;16
1861;18
1861;13
1861;16
1862;15
1863;19
1863;20
1863;14
1863;15
1863;23
1863;4
1864;21
1865;1
1866;21
1866;1
1867;9
1868;5
1869;9
1869;8
1869;5
1870;3
1871;4
1872;6
1873;20
1873;3
1873;4
1873;6
1874;21
1875;1
1876;21
1876;24
1876;1
1877;5
1878;20
1878;5
1879;3
1880;23
1881;4
1882;3
1882;23
1882;4
1883;13
1884;16
1885;18
1885;13
1885;16
1885;7
1886;14
1887;6
1888;14
1888;6
1889;21
1890;1
1891;21
1891;1
1892;9
1893;5
1894;9
1894;20
1894;5
1895;9
1896;5
1897;9
1897;20
1897;5
1897;6
1898;3
1899;15
1900;5
1901;6
1902;3
1902;15
1902;5
1902;6
1903;3
1904;4
1905;10
1906;3
1906;4
1906;10
1907;7
1908;13
1908;12
1908;7
1909;13
1910;1
1911;21
1911;17
1911;11
1911;13
1911;1
1911;15
1912;9
1913;8
1914;14
1915;9
1915;8
1915;22
1915;14
1915;6
1916;3
1917;4
1918;3
1918;4
1919;18
1920;13
1921;18
1921;13
1921;16
1921;7
1922;1
1923;5
1924;1
1924;5
1924;6
1925;21
1926;8
1927;14
1928;6
1929;21
1929;8
1929;3
1929;14
1929;6
1930;9
1931;18
1932;7
1933;9
1933;18
1933;7
1934;3
1935;4
1936;3
1936;4
1937;16
1938;7
1939;13
1939;1
1939;16
1939;15
1939;7
1940;1
1941;5
1942;1
1942;5
1943;21
1944;1
1945;21
1945;3
1945;1
1946;8
1947;5
1948;8
1948;5
1948;6
1949;3
1950;4
1951;3
1951;4
1951;5
1952;24
1953;16
1954;7
1955;24
1955;1
1955;16
1955;23
1955;7
1956;7
1957;18
1957;13
1957;16
1957;7
1958;8
1959;2
1959;8
1960;3
1961;4
1962;20
1962;3
1962;4
1963;1
1964;5
1965;13
1966;22
1966;13
1967;4
1968;11
1968;4
1969;8
1970;8
1970;6
1971;20
1972;20
1972;7
1973;16
1974;16
1974;7
1975;2
1976;6
1977;2
1977;8
1977;6
1978;20
1979;3
1980;20
1980;3
1980;1
1981;4
1982;3
1982;22
1982;4
1983;21
1984;1
1985;21
1985;1
1986;5
1987;15
1987;5
1988;5
1989;6
1990;1
1991;21
1991;1
1992;20
1993;20
1993;3
1994;4
1995;22
1995;4
1996;1
1997;1
1997;16
1998;21
1999;21
1999;12
2000;1
2001;1
2001;16
2002;7
2003;2
2004;13
2005;2
2005;13
2005;1
2005;16
2006;5
2007;8
2007;5
2008;1
2009;10
2010;1
2010;10
2011;3
2012;3
2012;4
2013;15
2014;1
2014;16
2014;15
2015;6
2016;5
2016;6
2017;1
2018;19
2018;1
2019;8
2020;5
2021;8
2021;5
2022;3
2023;3
2023;4
2024;5
2025;4
2026;3
2026;4
2027;13
2028;1
2029;14
2030;3
2030;14
2031;7
2032;18
2032;7
2033;16
2034;11
2034;16
2035;1
2036;1
2036;5
2037;1
2038;1
2038;4
2039;3
2040;3
2040;4
2041;1
2042;13
2043;18
2044;18
2044;12
2045;5
2046;14
2046;5
2047;1
2048;15
2049;1
2049;15
2050;13
2051;18
2051;13
2052;6
2053;14
2053;6
2054;1
2055;5
2056;1
2056;5
2057;19
2058;19
2058;1
2058;10
2059;8
2060;3
2061;4
2062;3
2062;4
2063;1
2064;13
2064;1
2065;12
2066;12
2066;7
2067;8
2068;8
2068;6
2069;13
2070;13
2070;7
2071;1
2072;4
2073;21
2074;1
2075;19
2075;21
2075;1
2075;15
2076;8
2077;14
2078;5
2079;8
2079;14
2079;5
2080;1
2081;13
2081;1
2081;16
2081;5
2082;5
2083;21
2083;20
2083;1
2083;5
2084;15
2085;7
2086;20
2086;15
2086;7
2087;4
2088;3
2088;4
2089;1
2090;7
2091;18
2091;1
2091;16
2091;7
2092;6
2093;2
2093;8
2093;6
2094;9
2095;7
2096;9
2096;7
2097;3
2098;4
2099;3
2099;4
2100;13
2101;13
2101;7
2102;1
2103;2
2104;2
2104;21
2104;1
2105;8
2106;5
2107;8
2107;24
2107;5
2108;20
2109;3
2110;10
2111;20
2111;3
2111;10
2112;23
2113;4
2114;3
2114;15
2114;23
2114;4
2115;13
2116;13
2116;16
2117;2
2118;1
2119;2
2119;1
2119;5
2120;3
2121;3
2121;11
2121;4
2122;5
2123;17
2123;5
2124;16
2125;18
2125;13
2125;16
2126;2
2127;14
2128;2
2128;14
2129;20
2130;15
2131;20
2131;15
2132;3
2133;5
2134;3
2134;5
2135;22
2136;4
2137;22
2137;4
2138;19
2139;19
2139;20
2139;16
2140;21
2141;8
2142;14
2143;5
2144;7
2145;21
2145;8
2145;14
2145;5
2145;7
2146;8
2147;1
2148;8
2148;1
2148;23
2148;5
2149;1
2150;13
2150;1
2150;5
2151;8
2152;8
2152;5
2153;20
2154;3
2155;4
2156;20
2156;3
2156;4
2156;6
2157;1
2158;13
2158;1
2159;5
2160;21
2160;1
2160;5
2161;20
2162;4
2163;6
2164;20
2164;14
2164;1
2164;4
2164;6
2165;23
2166;4
2167;3
2167;15
2167;23
2167;4
2168;16
2169;18
2169;13
2169;1
2169;16
2170;6
2171;14
2171;5
2171;6
2172;1
2173;21
2173;1
2173;5
2174;8
2175;8
2175;20
2175;14
2175;5
2176;1
2177;21
2177;1
2177;5
2178;3
2179;4
2180;3
2180;23
2180;4
2181;15
2182;5
2183;22
2183;15
2183;5
2184;12
2185;18
2185;13
2185;16
2185;12
2186;8
2187;8
2187;14
2187;6
2188;3
2189;3
2189;4
2190;17
2191;16
2192;17
2192;24
2192;16
2193;18
2194;7
2195;18
2195;7
2196;1
2197;5
2198;1
2198;5
2199;20
2200;20
2200;14
2200;15
2201;3
2202;4
2203;3
2203;4
2204;13
2205;18
2205;13
2206;11
2207;5
2208;11
2208;5
2209;1
2210;1
2211;1
2211;12
2212;16
2213;1
2213;16
2214;6
2215;7
2216;4
2217;3
2217;4
2218;1
2219;2
2220;2
2220;1
2220;5
2221;15
2222;4
2223;15
2223;4
2224;21
2225;21
2225;1
2226;3
2227;14
2228;5
2229;14
2229;5
2230;16
2231;21
2232;1
2233;21
2233;1
2234;3
2235;5
2236;5
2236;6
2237;7
2238;8
2239;14
2240;5
2241;8
2241;14
2241;5
2242;1
2243;13
2243;1
2243;5
2244;20
2245;20
2245;15
2246;13
2247;7
2248;18
2248;13
2248;7
2249;4
2250;1
2251;5
2252;20
2253;20
2253;14
2254;5
2255;17
2255;5
2256;18
2257;18
2257;13
2258;5
2259;1
2259;5
2260;4
2261;20
2262;3
2263;20
2263;3
2263;14
2264;1
2265;4
2266;1
2266;4
2267;4
2268;3
2268;4
2269;14
2270;14
2270;5
2271;1
2272;3
2273;3
2273;15
2274;13
2275;18
2275;13
2276;5
2277;4
2277;5
2278;4
2279;3
2279;4
2280;13
2281;18
2281;13
2282;15
2283;14
2283;15
2284;1
2285;2
2286;1
2287;2
2287;1
2288;8
2289;5
2290;8
2290;5
2291;20
2292;11
2293;3
2293;11
2294;12
2295;13
2295;12
2296;8
2297;6
2298;8
2298;6
2299;5
2300;26
2300;5
2301;20
2302;6
2303;20
2303;6
2304;16
2305;8
2306;6
2307;8
2307;6
2308;1
2309;5
2310;8
2311;8
2311;6
2312;20
2313;7
2314;20
2314;7
2315;3
2316;3
2316;4
2317;8
2318;8
2318;5
2319;4
2320;3
2320;4
2321;14
2322;7
2323;14
2323;7
2324;1
2325;3
2326;3
2326;4
2327;1
2328;1
2329;12
2330;7
2331;12
2331;7
2332;5
2333;16
2334;6
2335;15
2335;6
2336;4
2337;7
2338;4
2338;7
2339;5
2340;2
2341;2
2341;9
2341;5
2342;3
2343;3
2343;4
2344;18
2345;18
2345;13
2345;16
2346;6
2347;11
2347;6
2348;1
2349;1
2350;2
2350;1
2351;5
2352;11
2352;4
2352;5
2353;15
2354;20
2354;15
2355;5
2356;3
2356;5
2357;18
2358;18
2358;16
2359;8
2360;8
2360;14
2360;1
2361;3
2362;4
2363;6
2364;3
2364;4
2364;6
2365;12
2366;18
2366;12
2367;5
2368;13
2368;1
2368;5
2369;19
2370;19
2370;9
2370;15
2371;5
2372;1
2372;5
2373;5
2374;8
2374;5
2375;12
2376;13
2376;12
2377;1
2378;4
2379;21
2379;4
2380;3
2381;5
2382;3
2382;5
2383;5
2384;14
2384;5
2385;9
2386;16
2387;9
2387;16
2388;20
2389;8
2389;20
2390;8
2391;13
2392;1
2393;4
2394;7
2395;4
2396;5
2397;4
2397;5
2398;3
2399;4
2400;3
2400;4
2401;18
2402;18
2402;16
2403;1
2404;8
2405;6
2406;2
2406;8
2406;5
2406;6
2407;1
2408;21
2408;1
2409;9
2410;7
2411;9
2411;16
2411;7
2412;3
2413;4
2414;3
2414;11
2414;4
2415;13
2416;22
2416;13
2416;7
2417;2
2418;1
2419;5
2420;2
2420;1
2420;5
2421;11
2422;5
2423;19
2423;3
2423;17
2423;11
2423;4
2423;5
2424;8
2425;3
2426;4
2427;5
2428;8
2428;3
2428;11
2428;4
2428;5
2429;20
2430;20
2430;3
2430;14
2431;18
2432;13
2433;16
2434;12
2435;18
2435;13
2435;16
2435;12
2436;2
2437;5
2438;6
2439;2
2439;9
2439;14
2439;5
2439;6
2440;1
2441;5
2442;21
2442;1
2442;5
2443;8
2444;20
2445;4
2446;6
2447;8
2447;20
2447;11
2447;14
2447;1
2447;4
2447;6
2448;3
2449;23
2450;4
2451;3
2451;15
2451;23
2451;4
2452;18
2453;16
2454;18
2454;13
2454;1
2454;16
2454;7
2455;21
2456;1
2457;2
2457;21
2457;1
2457;5
2458;8
2459;14
2460;5
2461;8
2461;20
2461;14
2461;5
2461;6
2462;3
2463;20
2463;3
2463;11
2463;1
2463;4
2464;16
2465;18
2465;13
2465;16
2465;7
2466;5
2467;11
2467;4
2467;5
2468;2
2469;8
2470;14
2471;6
2472;2
2472;8
2472;14
2472;1
2472;5
2472;6
2473;20
2474;3
2475;5
2476;21
2476;20
2476;3
2476;1
2476;5
2477;20
2478;15
2479;7
2480;20
2480;15
2480;7
2481;3
2482;22
2483;4
2484;3
2484;22
2484;4
2485;18
2486;13
2487;1
2488;16
2489;7
2490;18
2490;13
2490;1
2490;16
2490;7
2491;2
2492;2
2492;21
2492;1
2492;5
2493;9
2494;13
2495;16
2496;9
2496;13
2496;16
2497;8
2498;5
2499;26
2499;8
2499;24
2499;1
2499;5
2500;20
2501;3
2502;10
2503;20
2503;3
2503;4
2503;10
2504;20
2505;15
2506;23
2507;4
2508;6
2509;20
2509;3
2509;15
2509;23
2509;4
2509;6
2510;8
2511;14
2512;5
2513;2
2513;8
2513;14
2513;1
2513;5
2514;2
2515;13
2516;1
2517;12
2518;5
2519;2
2519;13
2519;1
2519;16
2519;5
2519;12
2520;19
2521;21
2522;1
2523;15
2524;10
2525;19
2525;21
2525;3
2525;22
2525;1
2525;15
2525;4
2525;10
2526;20
2527;3
2528;4
2529;6
2530;20
2530;3
2530;14
2530;4
2530;6
2531;18
2532;12
2533;18
2533;13
2533;12
2533;7
2534;19
2535;19
2535;8
2535;20
2535;11
2535;14
2535;16
2535;6
2536;19
2537;4
2538;19
2538;9
2538;3
2538;22
2538;15
2538;4
2539;21
2540;8
2541;14
2542;5
2543;7
2544;21
2544;8
2544;18
2544;14
2544;13
2544;5
2544;7
2545;8
2546;1
2547;5
2548;8
2548;13
2548;1
2548;23
2548;5
2549;1
2550;13
2550;1
2550;5
2551;21
2552;1
2553;4
2554;21
2554;1
2554;4
2554;12
2555;3
2556;5
2557;3
2557;4
2557;5
2558;4
2559;7
2560;18
2560;4
2560;7
2561;5
2562;6
2563;14
2563;15
2563;5
2563;6
2564;1
2565;16
2566;15
2567;1
2567;16
2567;15
2568;1
2569;5
2570;21
2570;1
2570;5
2571;8
2572;6
2573;8
2573;14
2573;5
2573;6
2574;3
2575;4
2576;5
2577;3
2577;23
2577;4
2577;5
2578;3
2579;15
2580;5
2581;3
2581;22
2581;11
2581;15
2581;5
2582;13
2583;12
2584;18
2584;13
2584;16
2584;12
2585;8
2586;20
2587;3
2588;14
2589;8
2589;20
2589;3
2589;14
2589;6
2590;3
2591;1
2592;4
2593;3
2593;1
2593;4
2594;17
2595;16
2596;17
2596;24
2596;11
2596;1
2596;16
2596;7
2597;18
2598;12
2599;7
2600;18
2600;13
2600;12
2600;7
2601;1
2602;5
2603;1
2603;5
2604;20
2605;15
2606;20
2606;14
2606;15
2607;3
2608;4
2609;3
2609;4
2610;18
2611;13
2612;18
2612;13
2612;16
2613;11
2614;5
2615;11
2615;5
2616;1
2617;1
2618;2
2618;1
2619;5
2620;8
2620;5
2621;3
2622;3
2622;4
2623;7
2624;13
2624;7
2625;6
2626;8
2626;6
2627;3
2628;13
2629;13
2629;16
2630;1
2631;1
2632;8
2633;13
2634;1
2635;4
2636;4
2637;20
2638;20
2638;14
2639;13
2640;4
2641;4
2641;10
2642;5
2643;3
2644;7
2645;8
2646;8
2646;5
2647;13
2648;13
2648;7
2649;3
2650;4
2651;3
2651;4
2652;5
2653;1
2653;5
2654;7
2655;16
2655;7
2656;20
2657;1
2658;3
2659;3
2659;5
2660;1
2661;15
2662;5
2663;15
2663;5
2664;8
2665;8
2665;14
2666;3
2667;3
2667;4
2668;3
2669;1
2670;3
2670;1
2671;11
2672;3
2672;11
2673;5
2674;5
2674;6
2675;2
2676;2
2676;1
2676;4
2677;3
2678;5
2679;3
2679;5
2680;7
2681;18
2681;4
2681;7
2682;6
2683;14
2683;15
2683;6
2684;1
2685;1
2685;16
2686;8
2687;8
2687;14
2687;13
2688;4
2689;3
2689;4
2690;16
2691;18
2691;13
2691;16
2691;7
2692;14
2693;8
2693;14
2694;1
2695;1
2695;5
2696;8
2697;6
2698;8
2698;5
2698;6
2699;3
2700;3
2700;4
2701;8
2702;8
2702;5
2703;3
2704;1
2705;3
2705;11
2705;1
2706;14
2707;6
2708;14
2708;6
2709;8
2710;8
2710;14
2710;6
2711;3
2712;22
2713;3
2713;22
2713;10
2714;13
2715;13
2715;1
2715;12
2716;9
2717;9
2717;8
2717;14
2718;13
2719;7
2720;18
2720;13
2720;7
2721;15
2722;5
2723;15
2723;5
2723;6
2724;5
2725;3
2725;5
2726;4
2727;3
2727;4
2727;10
2728;5
2729;6
2730;14
2730;5
2730;6
2731;4
2732;3
2732;4
2733;16
2734;18
2734;13
2734;16
2735;14
2736;14
2736;6
2737;1
2738;14
2739;16
2740;14
2740;16
2741;16
2742;16
2742;7
2743;3
2744;3
2744;10
2745;5
2746;2
2747;1
2748;2
2748;1
2748;5
2749;3
2750;4
2751;3
2751;4
2752;18
2753;18
2753;16
2753;7
2754;5
2755;15
2755;5
2755;6
2756;14
2757;1
2758;20
2758;14
2758;1
2759;3
2760;3
2760;4
2761;7
2762;18
2762;16
2762;7
2763;3
2764;3
2764;5
2765;14
2766;14
2766;6
2767;22
2768;19
2768;22
2769;14
2770;19
2771;19
2771;3
2772;1
2773;5
2774;23
2774;5
2775;19
2776;11
2777;19
2777;11
2777;5
2778;17
2779;17
2779;1
2780;18
2781;18
2781;13
2782;13
2783;18
2783;13
2784;4
2785;26
2786;26
2786;13
2787;8
2788;14
2789;8
2789;22
2789;14
2790;25
2791;1
2791;25
2792;14
2793;8
2793;14
2794;3
2795;13
2796;11
2797;19
2797;11
2797;5
2798;6
2799;8
2799;14
2799;6
2800;1
2801;1
2801;5
2802;16
2803;18
2803;13
2803;16
2804;5
2805;11
2805;5
2806;3
2807;3
2807;5
2808;1
2809;1
2809;4
2810;18
2811;14
2812;1
2813;9
2814;14
2815;9
2815;14
2816;16
2817;7
2818;16
2818;7
2819;2
2820;2
2820;1
2821;14
2822;8
2822;14
2823;8
2824;17
2825;17
2825;1
2826;5
2827;4
2828;2
2829;2
2829;8
2830;3
2831;3
2831;4
2832;16
2833;1
2833;16
2834;20
2835;20
2835;1
2836;1
2837;1
2837;5
2838;16
2839;16
2839;7
2840;4
2841;8
2841;4
2842;1
2843;1
2844;16
2845;2
2846;3
2847;1
2848;2
2848;3
2848;1
2848;4
2849;3
2850;11
2851;5
2852;3
2852;11
2852;5
2853;7
2854;22
2854;18
2854;4
2854;7
2855;14
2856;15
2857;5
2858;6
2859;14
2859;15
2859;5
2859;6
2860;1
2861;16
2862;1
2862;16
2863;1
2864;5
2865;2
2865;1
2865;5
2866;9
2867;8
2868;14
2869;9
2869;8
2869;22
2869;14
2869;16
2870;20
2871;14
2872;1
2873;8
2873;20
2873;14
2873;1
2873;6
2874;3
2875;4
2876;3
2876;4
2877;16
2878;7
2879;18
2879;16
2879;7
2880;2
2881;1
2882;2
2882;1
2882;5
2883;9
2884;8
2885;14
2886;16
2887;9
2887;8
2887;24
2887;14
2887;13
2887;16
2888;8
2889;15
2890;5
2891;6
2892;8
2892;14
2892;15
2892;5
2892;6
2893;3
2894;4
2895;3
2895;4
2896;18
2897;13
2898;16
2899;7
2900;18
2900;13
2900;16
2900;7
2901;2
2902;2
2902;1
2902;5
2903;22
2904;19
2904;3
2904;22
2904;18
2905;14
2906;8
2906;14
2907;2
2908;8
2909;14
2910;2
2910;8
2910;22
2910;14
2911;26
2912;9
2912;26
2912;13
2912;12
2912;7
2913;5
2914;8
2914;5
2915;3
2916;3
2916;11
2916;4
2917;17
2918;16
2919;17
2919;24
2919;1
2919;16
2920;25
2921;18
2921;1
2921;25
2921;16
2922;19
2923;3
2924;22
2925;19
2925;3
2925;22
2925;10
2926;11
2927;5
2928;19
2928;11
2928;23
2928;5
2929;8
2930;6
2931;8
2931;14
2931;5
2931;6
2932;13
2933;13
2933;1
2933;16
2933;12
2933;7
2934;1
2935;1
2935;5
2936;19
2937;11
2938;5
2939;19
2939;11
2939;23
2939;5
2940;4
2941;8
2941;3
2941;4
2942;17
2943;1
2944;17
2944;1
2945;18
2946;16
2947;18
2947;13
2947;16
2948;5
2949;19
2949;3
2949;5
2950;3
2951;4
2952;3
2952;4
2952;10
2953;14
2954;5
2955;6
2956;14
2956;5
2956;6
2957;1
2958;8
2959;14
2960;8
2960;14
2961;13
2962;18
2962;13
2962;7
2963;1
2964;1
2964;5
2965;13
2966;18
2966;13
2966;16
2967;4
2968;8
2969;8
2969;14
2969;5
2970;3
2971;1
2972;3
2972;11
2972;1
2973;4
2974;4
2974;6
2975;20
2976;14
2977;20
2977;14
2977;6
2978;4
2979;3
2979;4
2979;10
2980;18
2981;13
2982;16
2983;18
2983;13
2983;16
2984;5
2985;11
2985;5
2986;1
2987;1
2988;2
2988;1
2989;14
2990;14
2990;16
2991;3
2992;19
2993;8
2994;18
2995;10
2996;10
2997;19
2997;10
2998;21
2999;21
2999;1
3000;8
3001;21
3002;21
3002;18
3002;16
3003;5
3004;5
3004;6
3005;21
3006;2
3006;21
3006;5
3007;8
3008;8
3008;14
3008;16
3009;3
3010;10
3011;3
3011;10
3012;15
3013;13
3013;15
3013;7
3014;14
3015;8
3015;14
3016;22
3017;4
3018;22
3018;4
3019;13
3020;13
3020;7
3021;1
3022;1
3022;5
3023;18
3024;10
3025;21
3026;5
3027;21
3027;5
3028;10
3029;19
3030;4
3031;19
3031;4
3032;22
3033;22
3033;10
3034;19
3035;19
3035;22
3035;5
3036;8
3037;14
3038;8
3038;14
3038;16
3039;14
3040;8
3040;14
3040;5
3041;13
3042;7
3043;13
3043;7
3044;2
3045;2
3045;22
3045;10
3046;14
3047;6
3048;8
3048;14
3048;6
3049;1
3050;1
3050;16
3050;7
3051;21
3052;1
3053;21
3053;1
3054;5
3055;8
3055;5
3056;8
3057;14
3058;5
3059;8
3059;14
3059;5
3060;3
3061;11
3062;3
3062;11
3062;4
3063;1
3064;7
3065;18
3065;1
3065;7
3066;5
3067;1
3067;5
3068;2
3069;20
3070;14
3071;2
3071;20
3071;14
3072;5
3073;8
3073;5
3074;3
3075;3
3075;11
3075;10
3076;18
3077;18
3077;1
3077;16
3078;10
3079;2
3079;22
3079;10
3080;20
3081;10
3082;20
3082;3
3082;10
3083;19
3084;19
3084;11
3085;2
3086;10
3087;2
3087;20
3087;10
3088;10
3089;19
3089;3
3089;10
3090;8
3091;20
3092;8
3092;20
3093;24
3094;24
3094;18
3094;16
3095;10
3096;15
3096;10
3096;7
3097;8
3098;8
3098;14
3099;22
3100;22
3100;24
3100;18
3101;7
3102;13
3102;7
3103;14
3104;20
3104;14
3105;18
3106;22
3106;18
3106;7
3107;1
3108;18
3108;1
3109;10
3110;11
3110;10
3111;10
3112;19
3112;10
3113;7
3114;18
3114;7
3115;2
3116;2
3116;26
3117;9
3118;10
3119;9
3119;4
3119;10
3120;19
3121;19
3121;5
3122;3
3123;3
3123;10
3124;2
3125;2
3125;19
3126;3
3127;3
3128;3
3128;10
3129;18
3130;18
3130;1
3130;7
3131;5
3132;8
3132;5
3133;18
3134;12
3135;7
3136;18
3136;12
3136;7
3137;1
3138;2
3138;1
3139;10
3140;9
3140;10
3141;7
3142;19
3143;19
3143;6
3144;3
3145;3
3145;10
3146;19
3147;1
3148;10
3149;7
3150;19
3151;19
3151;20
3152;1
3153;5
3154;1
3154;5
3155;4
3156;4
3156;10
3157;11
3158;19
3158;11
3159;8
3160;5
3161;8
3161;14
3161;5
3162;1
3163;1
3163;5
3164;1
3165;1
3165;5
3166;1
3167;2
3167;1
3168;3
3169;4
3170;3
3170;4
3171;16
3172;24
3172;14
3172;16
3173;9
3174;9
3174;16
3174;7
3175;3
3176;3
3176;6
3177;1
3178;8
3179;8
3179;11
3180;20
3181;10
3182;2
3182;20
3182;10
3183;19
3184;19
3184;4
3184;10
3185;21
3186;21
3186;24
3186;1
3187;8
3188;8
3188;6
3189;19
3190;19
3190;3
3190;4
3191;24
3192;24
3192;10
3193;1
3194;19
3195;19
3195;3
3195;11
3196;21
3197;5
3198;21
3198;5
3199;8
3200;8
3200;14
3200;6
3201;10
3202;1
3202;10
3203;21
3204;1
3205;21
3205;1
3205;5
3206;3
3207;11
3208;3
3208;11
3209;19
3210;10
3211;19
3211;10
3211;6
3212;8
3213;8
3213;5
3214;16
3215;1
3215;16
3215;7
3216;19
3217;19
3217;1
3218;8
3219;8
3219;5
3220;7
3221;13
3222;13
3222;7
3223;4
3224;4
3224;10
3225;4
3226;8
3226;4
3227;10
3228;10
3228;6
3229;10
3230;3
3230;10
3231;11
3232;17
3232;11
3233;1
3234;2
3234;1
3235;7
3236;2
3237;21
3238;2
3238;21
3238;1
3239;19
3240;10
3241;2
3241;19
3241;10
3242;8
3243;14
3244;8
3244;14
3244;6
3245;20
3246;2
3246;20
3247;3
3248;3
3248;10
3249;1
3250;1
3250;16
3251;2
3252;2
3252;21
3252;1
3253;19
3254;10
3255;19
3255;10
3256;24
3257;24
3257;7
3258;14
3259;14
3259;4
3260;10
3261;9
3262;9
3262;10
3263;7
3264;18
3264;7
3265;4
3266;11
3266;4
3267;1
3268;2
3268;1
3269;5
3270;19
3270;5
3271;3
3272;3
3272;10
3273;2
3274;1
3275;2
3275;1
3276;3
3277;7
3278;16
3278;7
3279;8
3280;8
3280;14
3281;7
3282;13
3282;7
3283;4
3284;5
3285;8
3285;5
3286;24
3287;24
3287;10
3288;13
3289;13
3289;7
3290;1
3291;1
3291;5
3292;4
3293;1
3294;11
3294;1
3295;4
3296;2
3297;2
3297;1
3298;19
3299;10
3300;19
3300;4
3300;10
3301;14
3302;8
3302;14
3303;3
3304;3
3304;11
3305;1
3306;2
3306;1
3307;6
3308;20
3308;6
3309;17
3310;4
3311;17
3311;4
3312;7
3313;18
3313;7
3314;2
3315;2
3315;1
3316;8
3317;7
3318;1
3319;2
3319;1
3320;4
3321;4
3321;6
3322;8
3323;8
3323;5
3324;16
3325;1
3325;16
3326;7
3327;12
3327;7
3328;19
3329;11
3330;19
3330;11
3331;7
3332;13
3332;7
3333;1
3334;10
3335;1
3336;4
3337;10
3338;4
3338;10
3339;7
3340;19
3341;8
3342;18
3343;4
3344;4
3344;10
3345;19
3346;3
3347;19
3347;3
3348;10
3349;14
3349;10
3350;7
3351;18
3351;7
3352;19
3353;19
3353;11
3354;1
3355;8
3356;8
3356;4
3356;5
3357;1
3358;7
3359;16
3359;7
3360;19
3361;19
3361;4
3362;1
3363;5
3364;8
3364;14
3364;5
3365;12
3366;12
3366;7
3367;8
3368;6
3369;8
3369;6
3370;1
3371;20
3372;19
3372;20
3373;5
3374;8
3374;5
3375;1
3376;5
3377;21
3377;1
3377;5
3378;16
3379;18
3379;16
3379;7
3380;10
3381;11
3382;19
3382;11
3383;8
3384;8
3384;5
3385;10
3386;3
3387;4
3388;3
3388;4
3389;14
3390;24
3390;14
3391;4
3392;22
3392;4
3393;7
3394;1
3394;7
3395;20
3396;14
3397;20
3397;14
3398;11
3399;1
3400;1
3400;5
3401;4
3402;4
3402;10
3403;3
3404;3
3404;14
3405;18
3406;11
3407;1
3408;1
3408;5
3409;10
3410;3
3411;3
3411;10
3412;14
3413;14
3413;6
3414;1
3415;1
3415;5
3416;2
3417;21
3418;1
3419;2
3419;21
3419;1
3419;5
3420;19
3421;4
3422;10
3423;19
3423;23
3423;4
3423;10
3424;7
3425;9
3425;18
3425;13
3425;12
3425;7
3426;20
3427;14
3428;5
3429;8
3429;20
3429;14
3429;10
3429;5
3430;3
3431;11
3432;3
3432;11
3432;13
3432;16
3433;1
3434;5
3435;2
3435;1
3435;5
3436;3
3437;17
3438;11
3439;4
3440;19
3440;3
3440;17
3440;11
3440;4
3441;8
3442;14
3443;5
3444;6
3445;8
3445;20
3445;14
3445;5
3445;6
3446;3
3447;10
3448;3
3448;11
3448;25
3448;16
3448;10
3449;18
3450;1
3451;7
3452;18
3452;1
3452;7
3453;2
3454;21
3455;1
3456;2
3456;21
3456;1
3456;5
3457;2
3458;19
3459;4
3460;10
3461;2
3461;19
3461;22
3461;4
3461;10
3462;9
3463;1
3464;7
3465;9
3465;1
3465;16
3465;7
3466;8
3467;14
3468;6
3469;8
3469;14
3469;16
3469;6
3470;20
3471;3
3472;4
3473;10
3474;20
3474;3
3474;4
3474;10
3474;6
3475;2
3476;1
3477;2
3477;21
3477;26
3477;1
3477;5
3478;19
3479;11
3480;4
3481;19
3481;11
3481;4
3481;10
3482;24
3483;18
3484;7
3485;9
3485;24
3485;18
3485;16
3485;7
3486;9
3487;4
3488;10
3489;9
3489;3
3489;15
3489;4
3489;10
3489;7
3490;8
3491;20
3492;3
3493;8
3493;20
3493;3
3493;11
3493;14
3493;5
3493;6
3494;2
3495;1
3496;2
3496;21
3496;24
3496;1
3496;16
3496;7
3497;19
3498;1
3499;10
3500;19
3500;1
3500;10
3500;6
3501;19
3502;19
3502;11
3503;8
3504;6
3505;8
3505;5
3505;6
3506;3
3507;3
3507;4
3507;10
3507;7
3508;16
3509;13
3509;1
3509;16
3509;7
3510;2
3511;21
3512;1
3513;5
3514;2
3514;21
3514;1
3514;5
3515;19
3516;8
3517;19
3517;8
3517;22
3517;4
3517;5
3518;8
3519;14
3520;16
3521;8
3521;24
3521;14
3521;16
3521;6
3522;3
3523;4
3524;10
3525;3
3525;4
3525;10
3526;15
3527;7
3528;13
3528;16
3528;15
3528;7
3529;2
3530;20
3531;14
3532;10
3533;2
3533;20
3533;14
3533;10
3534;19
3535;3
3536;10
3537;19
3537;3
3537;11
3537;4
3537;10
3538;21
3539;18
3540;1
3541;16
3542;21
3542;24
3542;18
3542;1
3542;16
3543;8
3544;5
3545;8
3545;5
3545;6
3546;18
3547;12
3548;7
3549;22
3549;18
3549;13
3549;12
3549;7
3550;2
3551;1
3552;2
3552;21
3552;1
3552;5
3553;19
3554;22
3555;4
3556;19
3556;3
3556;22
3556;4
3557;8
3558;14
3559;8
3559;14
3559;5
3559;6
3560;22
3561;24
3562;22
3562;24
3562;18
3562;11
3562;16
3562;10
3563;13
3564;7
3565;13
3565;16
3565;12
3565;7
3566;1
3567;5
3568;2
3568;1
3568;5
3569;19
3570;20
3571;5
3572;19
3572;20
3572;5
3573;5
3574;8
3574;14
3574;5
3574;7
3575;3
3576;4
3577;10
3578;3
3578;4
3578;10
3579;13
3580;7
3581;13
3581;16
3581;12
3581;7
3582;1
3583;5
3584;2
3584;21
3584;1
3584;5
3585;19
3586;3
3587;14
3588;10
3589;19
3589;9
3589;3
3589;14
3589;4
3589;10
3590;4
3591;8
3591;4
3591;5
3591;6
3592;24
3593;16
3594;7
3595;24
3595;18
3595;16
3595;7
3596;10
3597;14
3597;10
3597;6
3598;21
3599;1
3600;5
3601;2
3601;21
3601;1
3601;5
3602;19
3603;11
3604;19
3604;3
3604;11
3604;10
3605;8
3606;5
3607;8
3607;14
3607;5
3607;6
3608;12
3609;7
3610;18
3610;13
3610;16
3610;12
3610;7
3611;4
3612;10
3613;1
3613;4
3613;10
3614;19
3615;11
3616;1
3617;19
3617;3
3617;11
3617;1
3618;1
3619;21
3619;24
3619;14
3619;1
3620;8
3621;5
3622;8
3622;5
3623;7
3624;18
3624;13
3624;16
3624;7
3625;4
3626;10
3627;4
3627;10
3627;7
3628;13
3629;13
3629;7
3630;10
3631;7
3632;18
3632;7
3633;10
3634;10
3634;5
3635;19
3636;19
3636;5
3637;21
3638;21
3638;1
3639;8
3640;8
3640;3
3641;14
3642;14
3642;10
3643;19
3644;19
3644;10
3645;18
3646;21
3646;18
3646;7
3647;10
3648;11
3648;10
3649;5
3650;13
3650;1
3650;5
3651;5
3652;21
3652;1
3652;5
3653;8
3654;8
3654;3
3654;14
3655;13
3656;18
3656;13
3656;16
3657;14
3658;10
3659;14
3659;10
3660;1
3661;10
3662;4
3662;10
3663;5
3664;5
3664;6
3665;11
3666;11
3666;10
3667;14
3668;14
3668;5
3669;1
3670;1
3670;5
3671;14
3672;14
3672;6
3673;10
3674;19
3674;1
3674;10
3675;8
3676;5
3677;8
3677;14
3677;5
3678;1
3679;7
3680;1
3680;5
3680;7
3681;3
3682;3
3682;4
3682;10
3683;18
3684;18
3684;13
3684;16
3684;7
3685;11
3686;5
3687;11
3687;5
3688;14
3689;6
3690;14
3690;6
3691;1
3692;1
3692;5
3693;2
3694;2
3694;1
3695;4
3696;19
3696;17
3696;4
3697;10
3698;4
3698;10
3698;6
3699;2
3700;2
3700;1
3701;8
3702;8
3702;20
3703;20
3704;20
3704;10
3705;7
3706;18
3706;7
3707;3
3708;11
3709;19
3709;3
3709;11
3710;1
3711;3
3711;13
3711;1
3712;6
3713;14
3713;6
3714;21
3715;1
3716;21
3716;1
3717;6
3718;14
3718;10
3718;6
3719;19
3720;19
3720;3
3721;14
3722;14
3722;6
3723;13
3724;13
3724;1
3725;16
3726;1
3727;21
3727;1
3728;14
3729;5
3730;14
3730;5
3731;13
3732;10
3733;21
3734;21
3734;5
3735;8
3736;8
3736;14
3737;10
3738;4
3738;10
3739;21
3740;5
3741;21
3741;5
3742;8
3743;8
3743;14
3744;10
3745;10
3746;3
3747;3
3747;5
3748;6
3749;14
3749;6
3750;4
3751;1
3751;4
3752;2
3753;8
3754;5
3755;2
3755;8
3755;14
3755;5
3755;6
3756;21
3757;7
3758;21
3758;18
3758;7
3759;3
3760;14
3761;4
3762;3
3762;11
3762;14
3762;4
3762;10
3763;16
3764;5
3765;13
3765;1
3765;16
3765;5
3766;2
3767;2
3767;14
3767;5
3767;6
3768;3
3769;19
3769;3
3769;11
3769;23
3769;5
3770;18
3771;21
3771;18
3772;3
3773;1
3774;3
3774;14
3774;13
3774;1
3774;4
3775;25
3776;16
3777;1
3777;25
3777;16
3778;1
3779;2
3779;1
3780;10
3781;19
3781;10
3782;4
3783;11
3783;4
3783;10
3784;19
3785;9
3786;19
3786;9
3787;13
3788;13
3788;7
3789;1
3790;2
3790;1
3791;14
3792;5
3793;8
3793;14
3793;5
3794;10
3795;11
3795;10
3796;2
3797;1
3798;2
3798;1
3799;18
3800;18
3800;7
3801;10
3802;4
3802;10
3803;9
3804;9
3804;3
3805;16
3806;16
3806;7
3807;1
3808;2
3808;21
3808;1
3809;3
3810;19
3810;3
3810;7
3811;8
3812;8
3812;6
3813;12
3814;24
3814;12
3814;7
3815;19
3816;10
3817;4
3818;19
3818;3
3818;4
3819;8
3820;10
3821;8
3821;10
3821;7
3822;16
3823;13
3823;16
3823;7
3824;19
3825;19
3825;10
3826;8
3827;14
3828;8
3828;14
3829;13
3830;13
3830;25
3831;1
3832;19
3833;4
3834;19
3834;4
3835;5
3836;8
3836;5
3837;10
3838;11
3838;10
3839;1
3840;1
3840;10
3841;12
3842;12
3842;7
3843;8
3844;8
3844;10
3845;4
3846;3
3846;1
3846;4
3847;13
3848;7
3849;14
3849;13
3849;7
3850;5
3851;1
3851;5
3852;13
3853;18
3853;13
3854;5
3855;11
3855;5
3856;1
3857;19
3858;19
3858;6
3859;10
3860;16
3861;18
3861;16
3862;11
3863;19
3863;11
3864;14
3865;8
3865;14
3866;8
3867;5
3868;8
3868;5
3869;1
3870;4
3871;4
3871;10
3872;19
3873;5
3874;19
3874;5
3875;1
3876;21
3876;1
3877;3
3878;3
3878;10
3879;10
3880;19
3880;10
3881;8
3882;8
3882;5
3883;1
3884;19
3885;7
3886;13
3886;12
3886;7
3887;5
3888;6
3889;1
3889;5
3889;6
3890;8
3891;19
3891;8
3892;24
3893;8
3893;24
3894;4
3895;4
3895;10
3896;11
3897;3
3897;11
3898;27
3899;27
3899;5
3900;4
3901;7
3902;4
3902;7
3903;10
3904;20
3904;10
3905;1
3906;5
3907;1
3907;5
3908;10
3909;10
3909;6
3910;24
3911;1
3912;1
3912;5
3913;4
3914;11
3915;19
3915;3
3915;11
3916;1
3917;21
3917;1
3917;25
3918;10
3919;18
3919;10
3919;7
3920;21
3921;2
3921;21
3921;1
3922;19
3923;19
3923;10
3924;10
3925;11
3925;4
3925;10
3926;1
3927;2
3927;1
3928;8
3929;1
3930;19
3930;1
3931;24
3932;24
3932;7
3933;7
3934;1
3934;7
3935;21
3936;21
3936;1
3937;8
3938;12
3939;24
3939;12
3940;10
3941;4
3941;10
3942;10
3943;9
3943;8
3943;10
3944;8
3945;4
3946;8
3946;4
3947;24
3948;18
3949;24
3949;18
3949;16
3950;1
3951;5
3952;1
3952;5
3953;19
3954;19
3954;5
3955;21
3956;1
3957;21
3957;1
3958;8
3959;8
3959;6
3960;10
3961;3
3961;10
3962;19
3963;8
3964;8
3964;5
3965;13
3966;7
3967;13
3967;7
3968;1
3969;21
3970;21
3970;1
3971;8
3972;4
3973;10
3974;24
3974;4
3974;10
3975;13
3976;6
3977;9
3978;16
3979;9
3979;16
3979;7
3980;5
3981;8
3981;4
3981;5
3982;4
3983;3
3983;11
3983;4
3984;27
3985;24
3985;27
3986;13
3987;7
3988;13
3988;7
3989;2
3990;14
3991;5
3992;2
3992;14
3992;5
3993;7
3994;18
3994;7
3995;11
3996;11
3996;10
3996;6
3997;13
3998;5
3999;13
3999;1
3999;5
4000;14
4001;13
4002;10
4003;2
4004;2
4004;1
4004;5
4005;4
4006;3
4006;11
4006;4
4007;14
4008;24
4008;14
4008;27
4009;4
4010;5
4011;7
4012;4
4012;5
4012;7
4013;2
4014;1
4015;2
4015;1
4016;9
4017;19
4017;9
4017;11
4018;3
4019;3
4019;5
4019;6
4020;7
4021;18
4021;13
4021;7
4022;2
4023;6
4024;2
4024;6
4025;3
4026;3
4026;11
4027;25
4028;1
4028;25
4028;16
4029;1
4030;2
4030;1
4031;20
4032;20
4032;6
4033;14
4034;14
4034;5
4035;13
4036;10
4037;4
4038;3
4038;4
4039;4
4040;13
4041;13
4041;7
4042;1
4043;10
4044;4
4044;10
4045;6
4046;5
4046;6
4047;20
4048;20
4048;10
4049;1
4050;8
4051;6
4052;8
4052;14
4052;6
4053;10
4054;8
4055;14
4056;6
4057;8
4057;14
4057;6
4058;24
4059;1
4060;24
4060;1
4060;5
4061;11
4062;11
4062;1
4062;10
4063;4
4064;4
4064;10
4065;2
4066;2
4066;1
4067;20
4068;19
4068;20
4069;8
4070;2
4071;2
4071;1
4072;19
4073;19
4073;24
4073;6
4074;14
4075;14
4075;5
4075;6
4076;10
4077;4
4077;10
4078;3
4079;3
4079;6
4080;18
4081;13
4082;18
4082;13
4083;5
4084;14
4084;5
4085;13
4086;21
4087;1
4088;21
4088;1
4089;14
4090;6
4091;14
4091;6
4092;13
4093;13
4093;7
4094;10
4095;4
4095;10
4096;1
4097;19
4097;1
4097;10
4098;8
4099;8
4099;5
4099;6
4100;24
4101;7
4102;24
4102;7
4103;1
4104;8
4104;1
4105;18
4106;7
4107;18
4107;7
4108;5
4109;1
4109;5
4110;10
4111;8
4112;1
4113;8
4113;1
4113;6
4114;3
4115;3
4115;4
4115;10
4116;7
4117;24
4117;7
4118;18
4119;18
4119;16
4119;7
4120;6
4121;8
4121;5
4121;6
4122;3
4123;3
4123;10
4123;7
4124;16
4125;16
4125;7
4126;7
4127;18
4127;7
4128;10
4129;1
4130;5
4131;6
4132;5
4132;6
4133;2
4134;21
4135;1
4136;2
4136;21
4136;1
4136;5
4137;11
4138;4
4139;19
4139;3
4139;11
4139;4
4140;9
4141;16
4142;9
4142;18
4142;13
4142;16
4142;7
4143;8
4144;4
4145;10
4146;5
4147;7
4148;8
4148;4
4148;10
4148;5
4148;7
4149;14
4150;27
4151;6
4152;24
4152;14
4152;27
4152;10
4152;5
4152;6
4153;2
4154;8
4155;14
4156;5
4157;2
4157;8
4157;14
4157;5
4157;6
4158;13
4159;1
4160;16
4161;5
4162;7
4163;2
4163;13
4163;1
4163;16
4163;5
4163;7
4164;19
4165;1
4166;10
4167;19
4167;1
4167;10
4168;21
4169;24
4170;18
4171;7
4172;21
4172;24
4172;18
4172;7
4173;3
4174;11
4175;14
4176;4
4177;10
4178;3
4178;11
4178;14
4178;4
4178;10
4178;6
4179;21
4180;1
4181;2
4181;21
4181;1
4181;5
4182;19
4183;11
4184;5
4185;19
4185;3
4185;11
4185;4
4185;5
4186;8
4187;14
4188;6
4189;8
4189;20
4189;14
4189;5
4189;6
4190;3
4191;10
4192;3
4192;4
4192;10
4192;7
4193;18
4194;13
4195;16
4196;18
4196;13
4196;16
4196;7
4197;2
4198;1
4199;2
4199;21
4199;1
4199;5
4200;19
4201;24
4202;19
4202;24
4202;6
4203;8
4204;14
4205;6
4206;8
4206;14
4206;5
4206;6
4207;13
4208;7
4209;13
4209;16
4209;27
4209;7
4210;13
4211;13
4211;7
4212;4
4213;10
4214;4
4214;10
4215;2
4216;14
4217;10
4218;5
4219;6
4220;2
4220;8
4220;11
4220;14
4220;10
4220;5
4220;6
4221;19
4222;3
4223;11
4224;19
4224;3
4224;11
4224;23
4224;5
4225;19
4226;18
4227;4
4228;10
4229;19
4229;21
4229;18
4229;4
4229;10
4229;7
4230;1
4231;25
4232;16
4233;21
4233;1
4233;25
4233;16
4233;10
4234;5
4235;6
4236;8
4236;1
4236;5
4236;6
4237;3
4238;13
4239;1
4240;4
4241;12
4242;7
4243;3
4243;14
4243;13
4243;1
4243;4
4243;6
4243;12
4243;7
4244;21
4245;24
4246;1
4247;2
4247;21
4247;24
4247;1
4247;5
4248;19
4249;11
4250;19
4250;20
4250;11
4250;1
4250;10
4251;8
4252;14
4253;5
4254;6
4255;8
4255;14
4255;5
4255;6
4256;13
4257;18
4257;13
4257;25
4257;7
4258;4
4259;10
4260;11
4260;4
4260;10
4261;2
4262;21
4263;1
4264;5
4265;2
4265;21
4265;1
4265;5
4266;4
4267;10
4268;19
4268;3
4268;17
4268;11
4268;4
4268;10
4269;8
4270;14
4271;5
4272;8
4272;14
4272;5
4273;20
4274;4
4275;10
4276;20
4276;24
4276;4
4276;10
4276;6
4277;13
4278;18
4278;13
4278;12
4278;7
4279;2
4280;1
4281;2
4281;21
4281;1
4281;5
4282;9
4283;19
4283;9
4283;3
4283;11
4283;10
4284;3
4285;6
4286;3
4286;5
4286;6
4287;18
4288;13
4289;16
4290;7
4291;18
4291;13
4291;16
4291;7
4292;2
4293;1
4294;2
4294;1
4295;8
4296;20
4297;19
4297;8
4297;20
4297;6
4298;8
4299;24
4300;8
4300;24
4300;14
4301;4
4302;10
4303;3
4303;4
4303;10
4304;18
4305;18
4305;16
4305;7
4306;1
4307;5
4308;2
4308;21
4308;1
4308;5
4309;8
4310;11
4311;1
4312;19
4312;8
4312;11
4312;1
4312;6
4313;19
4314;9
4315;18
4316;10
4317;19
4317;9
4317;8
4317;22
4317;18
4317;16
4317;10
4317;7
4318;8
4319;3
4320;14
4321;4
4322;8
4322;3
4322;14
4322;4
4322;10
4323;24
4324;18
4325;13
4326;7
4327;24
4327;18
4327;13
4327;16
4327;12
4327;7
4328;2
4329;21
4330;1
4331;2
4331;21
4331;1
4331;5
4332;19
4333;3
4334;10
4335;19
4335;3
4335;14
4335;10
4335;6
4335;7
4336;8
4337;8
4337;20
4337;17
4337;14
4337;6
4338;20
4339;10
4340;20
4340;3
4340;4
4340;10
4341;12
4342;7
4343;24
4343;18
4343;13
4343;12
4343;7
4344;19
4345;8
4346;6
4347;19
4347;8
4347;17
4347;11
4347;14
4347;1
4347;5
4347;6
4348;21
4349;5
4350;21
4350;1
4350;5
4351;8
4352;1
4353;4
4354;10
4355;8
4355;20
4355;3
4355;14
4355;1
4355;4
4355;10
4356;8
4357;14
4358;10
4359;8
4359;14
4359;10
4359;6
4359;7
4360;18
4361;13
4362;7
4363;18
4363;13
4363;16
4363;7
4364;13
4365;7
4366;14
4366;13
4366;6
4366;7
4367;2
4368;2
4368;1
4369;18
4370;18
4370;7
4371;6
4372;2
4373;1
4374;2
4374;1
4375;4
4376;5
4377;2
4377;5
4378;19
4379;19
4379;14
4380;4
4381;4
4381;10
4382;4
4383;10
4384;4
4384;10
4385;17
4386;17
4386;1
4387;10
4388;13
4389;18
4389;13
4390;14
4391;14
4391;1
4392;5
4393;18
4394;7
4395;18
4395;1
4395;7
4396;11
4397;10
4398;11
4398;10
4399;1
4400;1
4400;5
4401;6
4402;14
4402;6
4403;19
4404;19
4404;10
4405;7
4406;18
4407;18
4407;13
4408;10
4409;5
4410;10
4411;10
4412;19
4412;11
4412;10
4413;4
4414;19
4414;3
4414;4
4414;10
4415;13
4416;18
4416;13
4416;7
4417;21
4418;21
4418;1
4419;4
4420;4
4420;10
4421;19
4422;18
4423;18
4423;16
4424;19
4425;17
4426;19
4426;17
4427;5
4428;21
4428;5
4429;18
4430;18
4430;13
4431;10
4432;4
4432;10
4433;5
4434;21
4434;5
4435;14
4436;16
4437;14
4437;16
4438;10
4439;6
4440;5
4440;6
4441;7
4442;2
4443;2
4443;1
4444;4
4445;10
4446;3
4446;4
4446;10
4447;15
4448;7
4449;24
4449;15
4449;7
4450;18
4451;18
4451;13
4452;1
4453;1
4453;5
4454;10
4455;4
4455;10
4456;18
4457;26
4457;18
4458;3
4459;11
4460;3
4460;11
4461;16
4462;14
4462;16
4463;10
4464;4
4464;10
4465;5
4466;5
4467;2
4467;5
4468;26
4469;2
4469;26
4469;18
4470;3
4471;19
4471;3
4471;6
4472;16
4473;16
4473;7
4474;10
4475;19
4476;3
4477;19
4477;3
4478;10
4479;7
4480;1
4481;2
4481;1
4482;19
4483;19
4483;11
4484;10
4485;19
4486;19
4486;11
4487;18
4488;18
4488;13
4489;1
4490;1
4490;5
4491;10
4492;6
4493;8
4493;14
4493;6
4494;4
4495;10
4496;4
4496;10
4497;5
4498;2
4498;5
4499;17
4500;19
4500;17
4501;8
4502;8
4502;14
4503;18
4504;10
4505;4
4505;10
4506;2
4507;2
4507;21
4507;1
4508;16
4509;18
4509;13
4509;16
4510;10
4511;10
4511;7
4512;1
4513;2
4513;1
4514;3
4515;19
4515;3
4515;24
4516;6
4517;8
4517;5
4517;6
4518;7
4519;21
4520;2
4520;21
4520;1
4521;8
4522;5
4523;8
4523;5
4524;10
4525;4
4525;10
4526;13
4527;13
4527;16
4528;19
4529;3
4530;19
4530;3
4531;26
4532;8
4533;26
4533;8
4534;1
4535;5
4536;1
4536;5
4537;12
4538;16
4538;12
4539;4
4540;4
4540;10
4541;1
4542;21
4542;1
4543;5
4544;6
4545;8
4545;5
4545;6
4546;18
4547;7
4548;18
4548;16
4548;7
4549;10
4550;19
4551;19
4551;11
4552;26
4553;26
4553;6
4554;3
4555;3
4555;4
4556;1
4557;10
4558;19
4558;10
4559;1
4560;1
4560;5
4561;1
4562;10
4563;6
4564;5
4564;6
4565;1
4566;16
4567;7
4568;16
4568;7
4569;4
4570;2
4571;2
4571;1
4572;8
4573;6
4574;8
4574;6
4575;10
4576;3
4576;10
4577;1
4578;2
4578;21
4578;1
4579;1
4580;2
4580;1
4581;19
4582;11
4583;19
4583;3
4583;11
4584;10
4585;12
4586;12
4586;7
4587;2
4588;1
4589;2
4589;1
4590;11
4591;19
4591;11
4592;18
4593;18
4593;12
4594;10
4595;4
4595;10
4596;2
4597;2
4597;1
4598;19
4599;3
4600;19
4600;3
4601;1
4602;2
4602;21
4602;1
4603;10
4604;3
4604;4
4604;10
4605;17
4606;19
4606;17
4607;18
4608;18
4608;7
4609;14
4610;6
4611;14
4611;6
4612;5
4613;8
4613;5
4614;19
4615;21
4616;21
4616;1
4617;4
4618;4
4618;10
4619;21
4620;1
4621;21
4621;1
4622;9
4623;24
4624;9
4624;24
4625;4
4626;4
4626;10
4627;19
4628;19
4628;4
4629;5
4630;20
4630;5
4631;1
4632;10
4633;6
4634;10
4634;6
4635;2
4636;2
4636;1
4636;5
4637;4
4638;1
4639;2
4639;1
4640;19
4641;19
4641;4
4642;8
4643;5
4644;2
4644;1
4644;5
4645;8
4646;19
4646;8
4646;14
4647;22
4648;22
4648;13
4648;16
4649;4
4650;4
4650;10
4651;3
4652;10
4653;3
4653;10
4654;10
4655;11
4655;10
4656;1
4657;2
4657;1
4658;6
4659;8
4659;6
4660;4
4661;3
4661;4
4662;2
4663;1
4664;2
4664;1
4665;8
4666;6
4667;8
4667;6
4668;18
4669;18
4669;13
4669;12
4670;10
4671;1
4672;5
4673;2
4673;1
4673;5
4674;11
4675;3
4675;11
4676;7
4677;18
4677;7
4678;2
4679;2
4679;1
4680;18
4681;12
4682;18
4682;12
4683;2
4684;2
4684;1
4685;3
4686;4
4687;3
4687;4
4688;10
4689;6
4690;19
4691;19
4691;11
4692;1
4693;10
4694;7
4695;12
4695;7
4696;6
4697;5
4697;6
4698;8
4699;8
4699;6
4700;19
4701;19
4701;10
4702;8
4703;5
4704;8
4704;14
4704;5
4705;10
4706;4
4706;10
4707;1
4708;2
4708;1
4709;13
4710;18
4710;13
4711;10
4712;7
4713;10
4713;7
4714;2
4715;2
4715;5
4716;6
4717;3
4717;6
4718;10
4719;2
4720;2
4720;21
4720;1
4721;8
4722;5
4723;8
4723;5
4723;6
4724;10
4725;2
4726;2
4726;1
4727;6
4728;19
4728;6
4729;6
4730;9
4730;6
4731;26
4732;26
4732;6
4733;3
4734;3
4734;10
4735;19
4736;19
4736;10
4737;10
4738;19
4738;4
4738;10
4739;5
4740;8
4740;5
4741;1
4742;13
4743;21
4743;18
4743;13
4744;1
4745;13
4745;1
4746;10
4747;5
4748;6
4749;5
4749;6
4750;14
4751;8
4751;14
4752;18
4753;5
4754;1
4754;5
4755;4
4756;10
4757;4
4757;10
4758;19
4759;5
4760;6
4761;8
4761;5
4761;6
4762;14
4763;8
4763;14
4764;22
4765;10
4766;22
4766;10
4767;4
4768;11
4769;5
4770;1
4770;5
4771;10
4772;1
4773;2
4773;1
4774;19
4775;19
4775;3
4776;18
4777;18
4777;13
4777;7
4778;5
4779;5
4779;6
4780;2
4781;2
4781;1
4782;10
4783;19
4783;10
4784;7
4785;13
4785;7
4786;2
4787;2
4787;5
4788;19
4789;3
4790;6
4791;19
4791;3
4791;6
4792;7
4793;16
4793;7
4794;10
4795;1
4796;2
4796;1
4796;5
4797;19
4798;4
4799;19
4799;17
4799;4
4800;8
4801;8
4801;14
4802;17
4803;2
4803;17
4804;14
4805;14
4805;6
4806;10
4807;4
4808;3
4808;4
4809;24
4810;6
4811;24
4811;6
4812;7
4813;19
4814;11
4815;19
4815;11
4816;21
4817;21
4817;5
4818;21
4819;21
4819;5
4820;18
4821;18
4821;13
4822;10
4823;4
4823;10
4824;18
4825;10
4826;4
4826;10
4827;6
4828;14
4828;5
4828;6
4829;1
4830;1
4830;5
4831;4
4832;4
4832;10
4833;18
4834;9
4834;18
4835;22
4836;22
4836;13
4837;4
4838;10
4839;4
4839;10
4840;19
4841;19
4841;11
4842;21
4843;18
4844;21
4844;18
4845;6
4846;14
4846;6
4847;5
4848;13
4848;5
4849;21
4850;1
4851;2
4851;21
4851;1
4851;5
4852;19
4853;11
4854;19
4854;17
4854;11
4854;7
4855;8
4856;14
4857;6
4858;8
4858;14
4858;6
4859;4
4860;10
4861;22
4861;4
4861;10
4862;18
4863;18
4863;13
4863;16
4863;27
4864;2
4865;21
4866;1
4867;2
4867;21
4867;1
4867;5
4868;19
4869;8
4870;5
4871;6
4872;19
4872;8
4872;3
4872;5
4872;6
4873;19
4874;19
4874;11
4874;10
4875;8
4876;5
4877;6
4878;8
4878;14
4878;5
4878;6
4879;10
4880;3
4880;4
4880;10
4881;18
4882;18
4882;13
4882;16
4882;27
4882;7
4883;21
4884;18
4885;13
4886;1
4887;2
4887;21
4887;18
4887;13
4887;1
4887;5
4888;19
4889;10
4890;19
4890;20
4890;11
4890;10
4891;5
4892;6
4893;8
4893;14
4893;5
4893;6
4894;3
4895;10
4896;3
4896;4
4896;10
4897;1
4898;5
4899;13
4899;1
4899;5
4899;12
4899;7
4900;2
4901;21
4902;1
4903;2
4903;21
4903;1
4903;5
4904;17
4905;6
4906;19
4906;20
4906;17
4906;6
4907;14
4908;5
4909;6
4910;9
4910;8
4910;14
4910;5
4910;6
4911;18
4912;7
4913;18
4913;13
4913;16
4913;7
4914;4
4915;10
4916;4
4916;10
4917;2
4918;1
4919;5
4920;2
4920;21
4920;1
4920;5
4921;19
4922;17
4923;4
4924;19
4924;17
4924;4
4925;8
4926;5
4927;8
4927;20
4927;14
4927;5
4928;18
4929;13
4930;16
4931;18
4931;13
4931;16
4931;7
4932;10
4933;6
4934;7
4935;4
4935;10
4935;6
4935;7
4936;2
4937;1
4938;2
4938;1
4938;5
4939;19
4940;11
4941;10
4942;19
4942;11
4942;4
4942;10
4942;5
4943;19
4944;3
4945;4
4946;10
4947;19
4947;3
4947;22
4947;24
4947;4
4947;10
4948;5
4949;6
4950;8
4950;14
4950;5
4950;6
4951;18
4952;13
4953;7
4954;18
4954;13
4954;1
4954;16
4954;7
4955;2
4956;17
4957;1
4958;2
4958;21
4958;17
4958;1
4959;19
4960;3
4961;11
4962;19
4962;3
4962;11
4962;5
4963;8
4964;14
4965;5
4966;6
4967;8
4967;14
4967;5
4967;6
4968;12
4969;7
4970;22
4970;12
4970;7
4971;10
4972;2
4973;21
4974;1
4975;5
4976;2
4976;21
4976;1
4976;5
4977;26
4978;8
4979;18
4980;2
4980;26
4980;8
4980;18
4980;14
4980;7
4981;19
4982;3
4983;11
4984;6
4985;19
4985;3
4985;11
4985;6
4986;18
4987;14
4988;16
4989;12
4990;7
4991;18
4991;14
4991;16
4991;12
4991;7
4992;4
4993;10
4994;4
4994;10
4995;2
4996;21
4997;1
4998;5
4999;2
4999;21
4999;1
4999;5
5000;19
5001;8
5002;19
5002;8
5002;14
5002;6
5003;9
5004;24
5005;18
5006;15
5007;7
5008;9
5008;24
5008;18
5008;15
5008;7
5009;4
5010;10
5011;3
5011;4
5011;10
5012;22
5013;13
5014;10
5015;22
5015;13
5015;16
5015;10
5016;2
5017;1
5018;5
5019;2
5019;1
5019;5
5020;19
5021;17
5022;11
5023;19
5023;17
5023;11
5024;8
5025;14
5026;6
5027;8
5027;14
5027;1
5027;6
5028;18
5029;13
5030;18
5030;13
5030;12
5031;4
5032;10
5033;4
5033;10
5034;2
5035;1
5036;5
5037;2
5037;1
5037;5
5038;19
5039;3
5040;11
5041;4
5042;19
5042;3
5042;11
5042;4
5043;10
5044;8
5044;10
5045;24
5046;6
5047;24
5047;14
5047;6
5048;16
5049;7
5050;18
5050;16
5050;7
5051;4
5052;2
5053;1
5054;2
5054;21
5054;1
5054;5
5055;19
5056;10
5057;19
5057;11
5057;10
5058;26
5059;6
5060;26
5060;8
5060;14
5060;5
5060;6
5061;3
5062;4
5063;10
5064;3
5064;4
5064;10
5065;21
5066;1
5067;2
5067;21
5067;1
5068;7
5069;3
5069;7
5070;3
5071;3
5071;11
5071;4
5072;16
5073;13
5073;16
5074;2
5075;21
5076;2
5076;21
5076;1
5077;3
5078;19
5078;3
5078;11
5079;5
5080;6
5081;5
5081;6
5082;19
5083;21
5084;21
5084;1
5085;10
5086;6
5087;5
5087;6
5088;7
5089;23
5090;1
5090;23
5091;16
5092;5
5093;1
5094;10
5095;5
5096;7
5097;5
5098;1
5098;5
5099;6
5100;19
5100;6
5101;5
5102;9
5102;5
5102;6
5103;4
5104;10
5105;4
5105;10
5106;7
5107;2
5108;1
5109;2
5109;1
5110;8
5111;8
5111;3
5111;7
5112;4
5113;10
5114;3
5114;4
5114;10
5115;24
5116;5
5117;24
5117;14
5117;27
5117;5
5118;16
5119;18
5119;13
5119;16
5119;7
5120;19
5121;19
5121;1
5122;5
5123;8
5123;5
5124;3
5125;3
5125;4
5126;16
5127;16
5127;7
5128;8
5129;8
5129;7
5130;4
5131;3
5131;4
5132;24
5133;24
5133;5
5134;19
5135;3
5136;19
5136;3
5136;11
5136;4
5137;1
5138;21
5138;1
5139;8
5140;3
5141;10
5142;8
5142;3
5142;10
5142;7
5143;5
5144;24
5144;5
5144;6
5145;7
5146;16
5146;7
5147;11
5148;19
5148;11
5149;21
5150;1
5151;21
5151;1
5152;8
5153;8
5153;5
5153;6
5154;18
5155;18
5155;13
5155;16
5156;1
5157;2
5157;1
5158;10
5159;4
5159;10
5160;2
5161;2
5161;1
5162;19
5163;19
5163;3
5164;18
5165;18
5165;16
5166;2
5167;1
5168;2
5168;1
5169;19
5170;3
5171;19
5171;3
5172;5
5173;5
5173;6
5174;2
5175;2
5175;4
5176;5
5177;9
5177;5
5178;7
5179;3
5180;3
5180;4
5181;19
5182;16
5183;10
5184;11
5185;19
5185;11
5186;21
5187;3
5188;10
5189;3
5189;10
5190;16
5191;6
5192;6
5193;19
5193;23
5193;6
5194;9
5195;9
5195;5
5195;6
5196;4
5197;10
5198;4
5198;10
5199;2
5200;21
5201;2
5201;21
5202;19
5203;3
5204;19
5204;3
5204;11
5205;8
5206;6
5207;8
5207;6
5208;10
5209;2
5210;5
5211;2
5211;5
5212;19
5213;23
5214;19
5214;23
5215;18
5216;16
5217;18
5217;16
5218;1
5219;1
5219;10
5220;4
5221;19
5221;4
5222;21
5223;21
5223;1
5224;10
5225;2
5226;2
5226;1
5226;5
5227;1
5228;3
5228;1
5228;23
5229;16
5230;8
5230;16
5231;4
5232;3
5232;4
5233;18
5234;18
5234;6
5235;23
5236;19
5236;11
5236;23
5237;21
5238;1
5239;21
5239;1
5240;8
5241;8
5241;5
5242;4
5243;22
5243;4
5243;10
5244;16
5245;18
5245;16
5245;7
5246;8
5247;19
5248;19
5248;4
5249;14
5250;14
5250;6
5251;7
5252;10
5252;7
5253;1
5254;2
5254;1
5255;10
5256;7
5257;2
5258;2
5258;21
5259;8
5260;8
5260;6
5261;21
5262;1
5263;2
5263;21
5263;1
5264;19
5265;6
5266;19
5266;23
5266;6
5267;9
5268;5
5269;6
5270;9
5270;5
5270;6
5271;7
5272;16
5272;7
5273;4
5274;10
5275;4
5275;10
5276;2
5277;21
5278;1
5279;2
5279;21
5279;1
5280;19
5281;3
5282;11
5283;4
5284;10
5285;19
5285;3
5285;11
5285;4
5285;10
5286;21
5287;8
5288;3
5289;10
5290;7
5291;8
5291;3
5291;10
5291;7
5292;24
5293;14
5294;5
5295;6
5296;24
5296;14
5296;27
5296;5
5296;6
5297;16
5298;7
5299;18
5299;13
5299;16
5299;7
5300;2
5301;21
5302;1
5303;2
5303;21
5303;26
5303;1
5304;19
5305;3
5306;11
5307;19
5307;3
5307;11
5308;8
5309;5
5310;6
5311;8
5311;1
5311;5
5311;6
5312;10
5313;3
5313;10
5314;18
5315;18
5315;13
5315;16
5315;7
5316;2
5317;4
5318;2
5318;22
5318;4
5318;10
5319;21
5320;1
5321;2
5321;21
5321;1
5321;16
5322;23
5323;19
5323;3
5323;11
5323;23
5323;6
5324;8
5325;5
5326;9
5326;8
5326;5
5327;16
5328;7
5329;18
5329;13
5329;16
5329;7
5330;2
5331;2
5331;1
5331;5
5332;19
5333;1
5334;19
5334;3
5334;1
5334;23
5335;18
5336;18
5336;16
5337;2
5338;5
5339;2
5339;21
5339;8
5339;5
5340;19
5341;23
5342;19
5342;1
5342;23
5343;3
5344;21
5344;3
5344;4
5344;6
5345;18
5346;16
5347;18
5347;16
5347;7
5348;1
5349;10
5350;18
5350;1
5350;10
5350;6
5351;2
5352;21
5353;2
5353;21
5353;1
5354;19
5355;4
5356;19
5356;3
5356;4
5357;8
5358;8
5358;6
5359;10
5360;16
5361;8
5361;1
5361;16
5362;3
5363;4
5364;3
5364;4
5365;18
5366;18
5366;6
5367;2
5368;2
5368;1
5369;17
5370;20
5370;17
5371;3
5372;3
5372;22
5373;1
5374;2
5374;1
5375;19
5376;4
5377;19
5377;4
5378;9
5379;3
5380;9
5380;3
5380;4
5381;4
5382;2
5382;22
5382;4
5383;18
5384;18
5384;16
5384;15
5385;1
5386;2
5386;1
5387;19
5388;19
5388;11
5389;8
5390;8
5390;14
5391;18
5392;18
5392;13
5393;2
5394;2
5394;1
5395;3
5396;4
5397;3
5397;4
5398;18
5399;2
5400;2
5400;21
5401;8
5402;5
5403;8
5403;5
5403;6
5404;16
5405;18
5405;16
5405;7
5406;10
5407;4
5407;10
5408;1
5409;2
5409;1
5410;19
5411;19
5411;11
5411;6
5412;4
5413;3
5413;4
5414;5
5415;14
5415;5
5416;11
5417;23
5418;19
5418;11
5418;23
5419;1
5420;21
5420;1
5421;4
5422;22
5422;15
5422;4
5423;2
5424;2
5424;1
5425;2
5426;8
5427;2
5427;8
5427;15
5428;19
5429;19
5429;3
5430;16
5431;4
5432;7
5433;16
5433;4
5433;7
5434;7
5435;16
5435;7
5436;2
5437;19
5438;19
5438;10
5439;8
5440;7
5441;16
5441;7
5442;14
5443;8
5443;14
5444;23
5445;4
5446;23
5446;4
5446;10
5447;21
5448;2
5448;21
5449;8
5450;4
5451;19
5451;4
5452;21
5453;21
5453;1
5454;9
5455;9
5455;16
5455;10
5456;2
5457;1
5458;2
5458;1
5459;20
5460;20
5460;17
5461;6
5462;14
5462;6
5463;7
5464;2
5465;8
5466;2
5466;8
5466;5
5467;1
5468;19
5468;1
5468;23
5469;4
5470;21
5470;4
5471;24
5472;10
5473;24
5473;10
5474;2
5475;3
5476;3
5476;10
5477;14
5478;2
5479;1
5480;2
5480;1
5481;21
5482;2
5482;21
5483;8
5484;8
5484;5
5485;3
5486;21
5486;3
5487;5
5488;4
5489;9
5490;9
5490;10
5491;7
5492;22
5493;10
5494;2
5494;26
5494;22
5494;10
5495;3
5496;19
5496;3
5496;23
5496;5
5497;1
5498;21
5498;1
5498;16
5498;27
5499;16
5500;18
5500;16
5500;7
5501;19
5502;1
5503;19
5503;1
5503;23
5504;5
5505;21
5505;8
5505;5
5506;3
5507;21
5507;3
5507;4
5507;6
5508;10
5509;6
5510;24
5510;1
5510;10
5510;6
5511;2
5512;2
5512;1
5513;8
5514;4
5515;4
5515;10
5516;2
5517;1
5518;2
5518;21
5518;1
5519;6
5520;19
5520;22
5520;6
5521;3
5522;2
5523;2
5523;1
5524;11
5525;4
5526;19
5526;11
5526;4
5527;7
5528;4
5528;7
5529;19
5530;19
5530;11
5531;14
5532;8
5532;14
5533;7
5534;18
5534;13
5534;7
5535;4
5536;4
5536;10
5537;8
5538;6
5539;8
5539;6
5540;22
5541;3
5541;22
5541;10
5542;19
5543;19
5543;11
5544;8
5545;8
5545;14
5546;3
5547;4
5548;3
5548;4
5549;16
5550;7
5551;18
5551;16
5551;7
5552;1
5553;2
5553;21
5553;1
5554;10
5555;9
5555;24
5555;10
5556;7
5557;16
5557;7
5558;4
5559;14
5560;19
5560;8
5560;14
5561;1
5562;10
5563;2
5564;2
5564;21
5565;9
5566;9
5566;18
5567;4
5568;21
5569;2
5569;21
5570;19
5571;19
5571;3
5572;16
5573;21
5573;16
5574;5
5575;8
5575;5
5576;7
5577;16
5577;7
5578;23
5579;19
5579;23
5580;2
5581;21
5582;2
5582;21
5582;16
5583;2
5584;10
5585;2
5585;22
5585;10
5586;16
5587;18
5587;16
5587;7
5588;2
5589;19
5590;19
5590;4
5591;7
5592;13
5592;7
5593;6
5594;2
5594;6
5595;2
5596;2
5596;1
5597;7
5598;16
5598;7
5599;19
5600;16
5601;16
5601;7
5602;4
5603;1
5604;2
5604;1
5604;5
5605;1
5606;19
5606;1
5606;4
5607;11
5608;3
5608;11
5609;7
5610;16
5610;7
5611;21
5612;21
5612;1
5613;8
5614;8
5614;5
5615;10
5616;22
5616;4
5616;10
5617;18
5618;16
5619;18
5619;16
5620;10
5621;2
5621;9
5621;10
5622;10
5623;8
5623;14
5623;10
5624;19
5625;11
5626;19
5626;11
5626;5
5627;2
5628;21
5629;1
5630;16
5631;2
5631;21
5631;1
5631;16
5631;27
5632;2
5633;22
5634;4
5635;10
5636;2
5636;26
5636;22
5636;15
5636;4
5636;10
5637;19
5638;3
5639;11
5640;23
5641;19
5641;3
5641;11
5641;23
5641;5
5642;8
5643;5
5644;8
5644;3
5644;5
5644;6
5645;18
5646;16
5647;7
5648;22
5648;18
5648;16
5648;7
5649;19
5650;4
5651;2
5651;19
5651;22
5651;11
5651;4
5652;8
5653;8
5653;14
5653;1
5653;6
5654;3
5655;4
5656;3
5656;11
5656;4
5656;10
5657;18
5658;16
5659;7
5660;18
5660;16
5660;15
5660;7
5661;2
5662;9
5663;10
5664;2
5664;9
5664;10
5665;14
5666;10
5667;8
5667;14
5667;10
5668;3
5669;23
5670;4
5671;3
5671;23
5671;4
5671;10
5672;7
5673;18
5673;16
5673;7
5674;2
5675;8
5676;5
5677;2
5677;21
5677;8
5677;5
5678;19
5679;1
5680;19
5680;1
5680;23
5681;3
5682;4
5683;21
5683;3
5683;4
5683;6
5684;24
5685;10
5686;6
5687;24
5687;1
5687;10
5687;6
5688;2
5689;1
5690;2
5690;1
5691;20
5692;17
5693;19
5693;20
5693;17
5694;8
5695;6
5696;8
5696;14
5696;6
5697;3
5698;22
5699;3
5699;22
5699;10
5700;7
5701;19
5702;2
5702;19
5702;8
5702;14
5703;2
5704;21
5705;1
5706;2
5706;21
5706;1
5707;4
5708;19
5708;4
5709;9
5710;10
5711;9
5711;24
5711;18
5711;16
5711;10
5712;16
5713;7
5714;16
5714;7
5715;2
5716;8
5717;6
5718;2
5718;8
5718;15
5718;6
5719;2
5720;1
5721;2
5721;1
5722;19
5723;4
5724;19
5724;3
5724;4
5724;10
5725;9
5726;3
5727;16
5728;4
5729;7
5730;9
5730;3
5730;16
5730;15
5730;4
5730;7
5731;7
5732;18
5732;16
5732;7
5733;2
5734;2
5734;1
5735;11
5736;4
5737;19
5737;11
5737;4
5738;3
5739;4
5740;3
5740;4
5741;18
5742;18
5742;25
5743;7
5744;4
5744;7
5745;21
5746;1
5747;2
5747;21
5747;8
5747;1
5748;8
5749;14
5750;19
5750;8
5750;14
5750;7
5751;19
5752;19
5752;21
5752;11
5752;1
5753;4
5754;3
5754;4
5754;10
5755;18
5756;7
5757;18
5757;13
5757;16
5757;7
5758;2
5759;21
5760;1
5761;2
5761;21
5761;1
5761;5
5762;19
5763;1
5764;19
5764;1
5764;4
5764;10
5765;8
5766;8
5766;5
5766;6
5767;11
5768;3
5768;11
5769;7
5770;13
5770;16
5770;7
5771;2
5772;1
5773;2
5773;21
5773;1
5774;14
5775;19
5775;8
5775;11
5775;14
5776;8
5777;5
5778;8
5778;5
5778;6
5779;16
5780;18
5780;16
5780;7
5781;10
5782;4
5782;10
5783;2
5784;1
5785;2
5785;21
5785;1
5786;19
5787;23
5788;6
5789;19
5789;22
5789;11
5789;23
5789;6
5790;3
5791;4
5792;3
5792;4
5792;6
5793;5
5794;14
5794;5
5795;2
5796;19
5797;2
5797;19
5797;11
5798;14
5799;2
5799;14
5799;6
5800;4
5801;2
5802;2
5802;1
5803;3
5804;3
5804;4
5805;2
5806;2
5806;1
5807;8
5808;2
5808;8
5808;14
5809;2
5810;2
5810;21
5811;8
5812;8
5812;14
5812;6
5813;11
5814;11
5814;10
5815;13
5816;13
5816;16
5817;2
5818;8
5819;2
5819;8
5819;14
5820;2
5821;2
5821;1
5822;18
5823;18
5823;13
5823;7
5824;2
5825;21
5826;2
5826;21
5827;16
5828;13
5828;16
5829;1
5830;2
5830;1
5831;8
5832;4
5833;8
5833;4
5834;11
5835;20
5835;11
5836;18
5837;18
5837;16
5838;8
5839;1
5840;4
5841;19
5841;3
5841;4
5842;20
5843;5
5844;20
5844;5
5844;7
5845;2
5846;21
5847;2
5847;21
5847;1
5848;8
5849;8
5849;14
5850;6
5851;10
5851;5
5851;6
5852;2
5853;3
5854;3
5854;4
5854;10
5855;1
5856;2
5856;21
5856;1
5857;3
5858;19
5858;3
5858;4
5859;14
5860;14
5860;5
5861;10
5862;19
5863;19
5863;5
5864;21
5865;21
5865;18
5865;16
5866;3
5867;3
5867;4
5868;13
5869;13
5869;1
5870;23
5871;19
5871;11
5871;23
5872;1
5873;21
5873;1
5874;22
5875;5
5876;22
5876;16
5876;5
5877;13
5878;13
5878;16
5879;19
5880;19
5880;3
5880;18
5881;21
5882;21
5882;1
5883;16
5884;21
5885;21
5885;1
5886;4
5887;3
5887;4
5888;14
5889;2
5890;21
5891;2
5891;21
5892;21
5893;1
5894;2
5894;21
5894;1
5895;3
5896;19
5896;3
5897;19
5898;19
5898;11
5898;4
5899;8
5900;10
5901;8
5901;22
5901;10
5902;16
5903;7
5904;16
5904;7
5905;21
5906;21
5906;1
5907;16
5908;18
5908;16
5909;11
5910;11
5910;5
5911;3
5912;19
5912;3
5912;4
5913;1
5914;21
5914;1
5915;8
5916;6
5917;8
5917;6
5918;16
5919;18
5919;16
5920;10
5921;19
5922;19
5922;4
5923;8
5924;8
5924;10
5925;16
5926;16
5926;7
5927;11
5928;19
5928;3
5928;11
5928;4
5929;5
5930;8
5930;5
5930;6
5931;10
5932;21
5933;2
5933;21
5933;1
5934;8
5935;6
5936;9
5936;8
5936;24
5936;6
5937;16
5938;16
5938;7
5939;2
5940;2
5940;19
5940;5
5941;14
5942;14
5942;6
5943;1
5944;1
5944;25
5945;20
5946;20
5946;5
5946;6
5947;3
5948;3
5948;4
5949;16
5950;13
5950;16
5951;18
5952;18
5952;16
5953;6
5954;11
5954;6
5955;1
5956;4
5957;23
5957;4
5958;9
5959;9
5959;8
5960;4
5961;3
5961;4
5962;1
5963;2
5963;1
5964;4
5965;3
5965;4
5966;2
5967;21
5968;2
5968;21
5968;1
5969;6
5970;14
5970;6
5971;16
5972;13
5972;16
5973;1
5974;21
5974;1
5975;14
5976;14
5976;23
5977;19
5978;8
5979;9
5979;8
5980;13
5981;2
5982;21
5983;2
5983;21
5983;1
5984;2
5985;4
5986;2
5986;19
5986;4
5987;6
5988;8
5988;6
5989;10
5990;3
5990;10
5991;13
5992;13
5992;16
5993;2
5994;1
5995;2
5995;19
5995;1
5996;21
5997;21
5997;18
5997;16
5998;4
5999;3
5999;4
6000;6
6001;14
6001;6
6002;25
6003;13
6003;25
6003;5
6004;14
6005;2
6005;14
6006;1
6007;2
6007;1
6008;18
6009;11
6010;4
6011;4
6011;10
6012;18
6013;11
6014;11
6014;4
6015;2
6016;2
6016;1
6017;26
6018;20
6019;26
6019;20
6020;20
6021;8
6021;20
6021;22
6022;3
6023;3
6023;23
6024;16
6025;2
6026;6
6027;2
6027;19
6027;6
6028;2
6029;1
6030;2
6030;21
6030;1
6031;3
6032;3
6032;10
6033;13
6034;8
6035;8
6035;14
6036;1
6037;2
6037;1
6038;20
6039;21
6040;21
6040;1
6041;3
6042;2
6043;21
6044;1
6045;2
6045;21
6045;1
6046;3
6047;11
6048;4
6049;3
6049;11
6049;4
6050;24
6051;14
6052;24
6052;14
6052;6
6052;7
6053;2
6054;2
6054;21
6054;1
6055;14
6056;8
6056;22
6056;14
6057;16
6058;18
6058;13
6058;16
6059;5
6060;11
6060;10
6060;5
6061;2
6062;21
6063;2
6063;21
6063;1
6064;3
6065;4
6066;19
6066;3
6066;4
6067;11
6068;5
6069;19
6069;11
6069;10
6069;5
6070;8
6071;14
6072;8
6072;22
6072;14
6073;16
6074;18
6074;13
6074;16
6075;2
6076;19
6077;1
6078;2
6078;19
6078;11
6078;1
6078;5
6079;14
6080;6
6081;2
6081;14
6081;6
6082;21
6083;21
6083;18
6083;16
6084;3
6085;4
6086;3
6086;4
6087;13
6088;1
6089;25
6090;13
6090;1
6090;25
6090;5
6091;2
6092;21
6093;1
6094;2
6094;21
6094;1
6095;2
6096;20
6097;3
6098;4
6099;6
6100;2
6100;19
6100;20
6100;3
6100;4
6100;10
6100;5
6100;6
6101;3
6102;10
6103;19
6103;3
6103;11
6103;23
6103;4
6103;10
6104;8
6105;6
6106;8
6106;14
6106;5
6106;6
6107;13
6108;16
6109;13
6109;16
6110;2
6111;21
6112;1
6113;2
6113;21
6113;1
6114;2
6115;21
6116;1
6117;2
6117;21
6117;1
6118;19
6119;3
6120;11
6121;23
6122;4
6123;19
6123;3
6123;11
6123;23
6123;4
6124;8
6125;24
6126;14
6127;6
6128;9
6128;8
6128;24
6128;14
6128;6
6128;7
6129;8
6130;22
6131;10
6132;5
6133;8
6133;22
6133;16
6133;4
6133;10
6133;5
6133;7
6134;13
6135;16
6136;7
6137;13
6137;16
6137;7
6138;2
6139;21
6140;1
6141;2
6141;21
6141;1
6142;3
6143;4
6144;19
6144;3
6144;23
6144;4
6145;26
6146;20
6147;26
6147;20
6147;18
6147;10
6148;20
6149;5
6150;8
6150;20
6150;22
6150;10
6150;5
6150;7
6151;16
6152;13
6152;16
6152;4
6153;2
6154;21
6155;1
6156;2
6156;21
6156;1
6157;3
6158;11
6159;19
6159;3
6159;11
6159;4
6160;8
6161;14
6162;5
6163;6
6164;8
6164;14
6164;5
6164;6
6165;16
6166;18
6166;16
6167;10
6168;2
6169;2
6169;1
6170;9
6171;8
6172;2
6172;9
6172;8
6172;14
6173;3
6174;4
6175;3
6175;4
6175;10
6176;2
6177;21
6178;2
6178;21
6178;1
6179;8
6180;6
6181;8
6181;14
6181;6
6182;11
6183;11
6183;10
6183;5
6184;13
6185;16
6186;13
6186;16
6187;2
6188;8
6189;14
6190;2
6190;8
6190;3
6190;14
6191;2
6192;1
6193;2
6193;1
6194;11
6195;6
6196;19
6196;24
6196;11
6196;6
6197;18
6198;18
6198;13
6198;16
6198;7
6199;4
6200;1
6200;23
6200;4
6200;10
6201;1
6202;2
6202;1
6203;11
6204;19
6204;20
6204;11
6204;6
6205;8
6206;4
6207;8
6207;3
6207;4
6208;18
6209;18
6209;16
6210;21
6211;1
6212;2
6212;21
6212;1
6213;19
6214;18
6215;19
6215;3
6215;18
6216;11
6217;14
6218;26
6218;11
6218;14
6218;15
6218;23
6218;4
6219;16
6220;8
6220;25
6220;16
6221;19
6222;1
6223;21
6223;1
6224;8
6225;9
6225;8
6226;13
6227;13
6227;16
6228;2
6229;2
6229;1
6230;9
6231;9
6231;25
6232;11
6233;19
6233;11
6234;8
6235;16
6236;18
6236;16
6237;4
6238;4
6238;10
6239;19
6240;19
6240;10
6241;10
6242;26
6242;10
6243;20
6244;20
6244;14
6245;18
6246;18
6246;16
6247;10
6248;3
6249;13
6250;13
6250;16
6251;1
6252;1
6252;5
6253;23
6254;19
6254;23
6255;19
6256;1
6257;19
6257;1
6258;21
6259;21
6259;5
6260;3
6261;3
6261;4
6262;1
6263;6
6264;2
6265;2
6265;1
6265;5
6266;6
6267;21
6267;5
6267;6
6268;7
6269;16
6269;7
6270;10
6271;2
6272;2
6272;5
6273;14
6274;19
6274;22
6274;14
6275;21
6276;15
6277;21
6277;18
6277;15
6278;16
6279;11
6279;16
6280;2
6281;2
6281;1
6282;19
6283;8
6284;18
6285;18
6285;16
6286;19
6287;9
6288;5
6289;9
6289;5
6290;1
6291;4
6292;10
6293;4
6293;10
6294;19
6295;23
6296;19
6296;23
6297;4
6298;4
6298;5
6299;19
6300;19
6300;15
6301;8
6302;4
6303;4
6303;5
6304;19
6305;2
6305;19
6306;16
6307;3
6307;16
6308;14
6309;14
6309;6
6310;2
6311;2
6311;21
6312;6
6313;9
6313;6
6314;4
6315;10
6316;4
6316;10
6317;2
6318;2
6318;1
6319;8
6320;1
6321;2
6321;1
6322;19
6323;19
6323;3
6324;5
6325;6
6326;5
6326;6
6327;7
6328;2
6329;6
6330;19
6330;6
6331;4
6332;7
6333;2
6334;3
6335;3
6335;1
6336;18
6337;18
6337;7
6338;19
6339;1
6340;19
6340;3
6340;24
6340;1
6341;8
6342;5
6343;8
6343;11
6343;5
6343;6
6344;7
6345;18
6345;7
6346;10
6347;4
6347;10
6348;2
6349;2
6349;21
6350;19
6351;6
6352;19
6352;6
6353;9
6354;9
6354;5
6354;6
6355;10
6356;4
6356;10
6357;5
6358;19
6358;5
6359;16
6360;18
6360;16
6361;1
6362;2
6362;1
6363;5
6364;8
6364;5
6365;18
6366;18
6366;16
6367;4
6368;5
6369;4
6369;5
6370;2
6371;1
6372;2
6372;1
6373;2
6374;2
6374;8
6374;20
6375;19
6376;19
6376;11
6376;10
6377;18
6378;18
6378;16
6378;7
6379;2
6380;2
6380;1
6381;18
6382;18
6382;16
6383;2
6384;2
6384;14
6385;19
6386;19
6386;6
6387;21
6388;21
6388;1
6389;4
6390;4
6390;10
6391;2
6392;2
6392;10
6393;5
6394;2
6394;1
6394;5
6395;26
6396;21
6396;26
6396;18
6397;3
6398;11
6399;16
6400;11
6400;13
6400;16
6401;21
6402;21
6402;1
6403;8
6404;2
6405;1
6406;2
6406;21
6406;1
6407;5
6408;8
6408;5
6408;6
6409;18
6410;18
6410;16
6411;5
6412;8
6412;5
6413;23
6414;23
6414;4
6415;2
6416;2
6416;9
6417;18
6418;18
6418;16
6419;1
6420;5
6421;6
6422;5
6422;6
6423;11
6424;1
6425;19
6425;11
6425;1
6426;1
6427;21
6427;17
6427;1
6428;4
6429;3
6429;4
6430;13
6431;16
6432;7
6433;13
6433;16
6433;7
6434;2
6435;2
6435;1
6436;16
6437;19
6437;11
6437;16
6438;16
6439;18
6439;16
6440;2
6441;1
6442;2
6442;1
6443;8
6444;14
6445;6
6446;8
6446;14
6446;6
6447;3
6448;3
6448;25
6448;23
6449;5
6450;4
6450;5
6451;21
6452;21
6452;1
6453;8
6454;8
6454;6
6455;16
6456;18
6456;16
6457;4
6458;5
6459;4
6459;5
6460;20
6461;8
6461;20
6462;11
6463;11
6463;16
6463;7
6464;23
6465;23
6465;4
6466;21
6467;1
6468;2
6468;21
6468;1
6469;8
6470;5
6471;6
6472;8
6472;5
6472;6
6473;11
6474;11
6474;23
6475;5
6476;4
6476;5
6477;2
6478;2
6478;1
6479;19
6480;3
6481;1
6482;19
6482;3
6482;1
6483;7
6484;18
6484;16
6484;7
6485;6
6486;11
6486;5
6486;6
6487;10
6488;4
6488;10
6488;5
6489;2
6490;2
6490;1
6491;23
6492;19
6492;23
6492;4
6493;14
6494;8
6494;14
6494;5
6495;18
6496;16
6497;11
6497;16
6498;21
6499;1
6500;2
6500;21
6500;17
6500;1
6500;5
6501;19
6502;11
6503;1
6504;19
6504;11
6504;1
6504;10
6505;5
6506;19
6506;8
6506;14
6506;5
6506;6
6507;3
6508;4
6509;3
6509;4
6509;6
6510;13
6511;16
6512;7
6513;18
6513;13
6513;16
6513;7
6514;2
6515;1
6516;2
6516;21
6516;1
6517;2
6518;20
6519;2
6519;8
6519;20
6519;14
6520;19
6521;19
6521;11
6521;10
6522;4
6523;10
6524;26
6524;3
6524;4
6524;10
6525;18
6526;18
6526;16
6526;7
6527;2
6528;21
6529;1
6530;2
6530;21
6530;1
6531;11
6532;19
6532;11
6532;23
6533;8
6534;5
6535;6
6536;8
6536;5
6536;6
6537;18
6538;16
6539;18
6539;16
6540;4
6541;5
6542;4
6542;5
6543;2
6544;2
6544;21
6544;1
6545;23
6546;19
6546;3
6546;23
6546;4
6547;11
6548;16
6549;19
6549;20
6549;11
6549;16
6549;10
6549;5
6549;7
6550;14
6551;5
6552;8
6552;14
6552;5
6552;6
6553;18
6554;16
6555;18
6555;16
6556;2
6557;1
6558;2
6558;21
6558;1
6558;5
6559;19
6560;3
6561;1
6562;19
6562;3
6562;22
6562;24
6562;1
6563;8
6564;5
6565;6
6566;21
6566;8
6566;11
6566;5
6566;6
6567;18
6568;7
6569;18
6569;16
6569;7
6570;10
6571;4
6571;10
6571;5
6572;2
6573;2
6573;21
6573;1
6574;19
6575;6
6576;19
6576;6
6577;9
6578;5
6579;6
6580;9
6580;5
6580;6
6581;7
6582;16
6582;7
6583;4
6584;10
6585;4
6585;10
6586;2
6587;21
6588;1
6589;2
6589;21
6589;1
6590;2
6591;9
6592;2
6592;9
6592;14
6592;25
6593;19
6594;5
6595;6
6596;19
6596;5
6596;6
6597;18
6598;18
6598;16
6599;4
6600;23
6600;4
6600;10
6601;2
6602;2
6602;21
6602;1
6603;19
6604;11
6605;19
6605;11
6606;8
6607;20
6608;8
6608;20
6609;4
6610;3
6610;23
6610;4
6610;10
6611;18
6612;16
6613;18
6613;16
6614;2
6615;19
6616;1
6617;2
6617;19
6617;1
6618;19
6619;3
6620;16
6621;23
6622;19
6622;3
6622;25
6622;16
6622;23
6623;8
6624;14
6625;6
6626;8
6626;14
6626;6
6627;4
6628;5
6629;4
6629;10
6629;5
6630;2
6631;1
6632;5
6633;2
6633;1
6633;5
6634;14
6635;19
6635;22
6635;14
6635;6
6636;21
6637;26
6638;15
6639;21
6639;26
6639;18
6639;15
6640;3
6641;3
6641;10
6642;11
6643;13
6644;16
6645;11
6645;13
6645;16
6646;2
6647;1
6648;2
6648;1
6648;10
6649;6
6650;18
6650;1
6650;6
6651;19
6652;19
6652;11
6652;15
6653;21
6654;21
6654;1
6655;8
6656;8
6656;5
6657;18
6658;18
6658;16
6659;10
